{
    "loss":{
        "0":0.713180244,
        "1":0.6967559457,
        "2":0.6894263029,
        "3":0.6850757599,
        "4":0.6806694269,
        "5":0.6787404418,
        "6":0.676582396,
        "7":0.6738528609,
        "8":0.6739860773,
        "9":0.672023654,
        "10":0.6709561348,
        "11":0.6702367067,
        "12":0.6699746251,
        "13":0.6672908664,
        "14":0.6674665809,
        "15":0.6673961878,
        "16":0.6664797664,
        "17":0.665256083,
        "18":0.6642671227,
        "19":0.6647570729,
        "20":0.663995564,
        "21":0.6625059843,
        "22":0.6630724072,
        "23":0.6628771424,
        "24":0.6614891887,
        "25":0.6617031097,
        "26":0.661483407,
        "27":0.6601572633,
        "28":0.6615300179,
        "29":0.6595542431,
        "30":0.6597745419,
        "31":0.658680439,
        "32":0.6585835814,
        "33":0.658390522,
        "34":0.6582494974,
        "35":0.6587615609,
        "36":0.6576126218,
        "37":0.6568462253,
        "38":0.657674551,
        "39":0.6572271585,
        "40":0.6567468643,
        "41":0.656476438,
        "42":0.6572064757,
        "43":0.6555371881,
        "44":0.6551769972,
        "45":0.6556280851,
        "46":0.6551744938,
        "47":0.655430913,
        "48":0.6539105773,
        "49":0.6541202068,
        "50":0.6541472077,
        "51":0.653742969,
        "52":0.6531148553,
        "53":0.6518123746,
        "54":0.6525529623,
        "55":0.6516420841,
        "56":0.6520088911,
        "57":0.6520558596,
        "58":0.6513430476,
        "59":0.6516094804
    },
    "accuracy":{
        "0":0.5187032819,
        "1":0.5282941461,
        "2":0.5396847129,
        "3":0.5488654971,
        "4":0.5617595911,
        "5":0.5643566847,
        "6":0.5668170452,
        "7":0.5751776695,
        "8":0.5718516707,
        "9":0.5741069913,
        "10":0.5808729529,
        "11":0.5842901468,
        "12":0.58340168,
        "13":0.5885957479,
        "14":0.5860443115,
        "15":0.5870466828,
        "16":0.58834517,
        "17":0.5918534994,
        "18":0.5912156105,
        "19":0.593881011,
        "20":0.5942682624,
        "21":0.5946099758,
        "22":0.5941315889,
        "23":0.5934253931,
        "24":0.5960451961,
        "25":0.5959540606,
        "26":0.5948605537,
        "27":0.5991434455,
        "28":0.5959540606,
        "29":0.6016721129,
        "30":0.601239264,
        "31":0.6021049619,
        "32":0.6009659171,
        "33":0.6031073332,
        "34":0.6053171158,
        "35":0.6011937261,
        "36":0.6048614979,
        "37":0.6066612005,
        "38":0.6038818955,
        "39":0.6064333916,
        "40":0.6063878536,
        "41":0.6059777737,
        "42":0.6036085486,
        "43":0.6073218584,
        "44":0.6085292697,
        "45":0.6072534919,
        "46":0.6085975766,
        "47":0.6105795503,
        "48":0.6080508232,
        "49":0.6098049879,
        "50":0.6092126966,
        "51":0.6127437353,
        "52":0.6108984947,
        "53":0.6128576398,
        "54":0.6144523621,
        "55":0.6147713065,
        "56":0.6138828397,
        "57":0.614725709,
        "58":0.6151585579,
        "59":0.6166393161
    }
}