{
    "loss":{
        "0":0.7431978583,
        "1":0.7041584253,
        "2":0.6890137196,
        "3":0.6807878017,
        "4":0.6743711233,
        "5":0.6721683145,
        "6":0.6685974598,
        "7":0.6672774553,
        "8":0.6657970548,
        "9":0.6639196873,
        "10":0.6637767553,
        "11":0.6608600616,
        "12":0.6596821547,
        "13":0.6590319276,
        "14":0.6592257619,
        "15":0.6565249562,
        "16":0.656956315,
        "17":0.6556310654,
        "18":0.6547787786,
        "19":0.6537560225,
        "20":0.6541742086,
        "21":0.6518407464,
        "22":0.6531189084,
        "23":0.6519554257,
        "24":0.6501899362,
        "25":0.6504631042,
        "26":0.6491561532,
        "27":0.6504773498,
        "28":0.6499125361,
        "29":0.6490574479,
        "30":0.6489095092,
        "31":0.6480619311,
        "32":0.6488513947,
        "33":0.6480221152,
        "34":0.6476554275,
        "35":0.6468741894,
        "36":0.6469504237,
        "37":0.6461051106,
        "38":0.6457865238,
        "39":0.6453427076,
        "40":0.6449866891,
        "41":0.6450120807,
        "42":0.644959867,
        "43":0.6442986131,
        "44":0.6440563202,
        "45":0.6440828443,
        "46":0.6439332962,
        "47":0.6424358487,
        "48":0.6430719495,
        "49":0.6427779794,
        "50":0.6430599093,
        "51":0.6424747109,
        "52":0.641007185,
        "53":0.6418122053,
        "54":0.641556263,
        "55":0.6422334909,
        "56":0.6412727237,
        "57":0.6401829123,
        "58":0.639134109,
        "59":0.6394281983
    },
    "accuracy":{
        "0":0.5290077925,
        "1":0.5499082804,
        "2":0.5581642985,
        "3":0.5690732598,
        "4":0.576883018,
        "5":0.5821391344,
        "6":0.5812466145,
        "7":0.5877919197,
        "8":0.59029603,
        "9":0.5916348696,
        "10":0.5926761627,
        "11":0.5963950753,
        "12":0.6000148654,
        "13":0.5994694233,
        "14":0.5994942188,
        "15":0.6018743515,
        "16":0.6039073467,
        "17":0.6064114571,
        "18":0.6054445505,
        "19":0.6085436344,
        "20":0.6082213521,
        "21":0.6108989716,
        "22":0.610824585,
        "23":0.6119155288,
        "24":0.6119403243,
        "25":0.6133782864,
        "26":0.6141220927,
        "27":0.6113452911,
        "28":0.6128576398,
        "29":0.613948524,
        "30":0.6153865457,
        "31":0.6164030433,
        "32":0.6152873635,
        "33":0.6155600548,
        "34":0.6147419214,
        "35":0.6170972586,
        "36":0.6180393696,
        "37":0.617964983,
        "38":0.6192294359,
        "39":0.6169732809,
        "40":0.6209649444,
        "41":0.6201715469,
        "42":0.6195517182,
        "43":0.6198244691,
        "44":0.6235186458,
        "45":0.6205434799,
        "46":0.6223285794,
        "47":0.6257252097,
        "48":0.6224524975,
        "49":0.6218822598,
        "50":0.6221798062,
        "51":0.6250061989,
        "52":0.6246839166,
        "53":0.6241136789,
        "54":0.6243615746,
        "55":0.6233202815,
        "56":0.6269400716,
        "57":0.6268160939,
        "58":0.6259483099,
        "59":0.6279813647
    },
    "val_loss":{
        "0":0.676478982,
        "1":0.6688115597,
        "2":0.6621246934,
        "3":0.6617981195,
        "4":0.6603102088,
        "5":0.6595392823,
        "6":0.6581379175,
        "7":0.6578214169,
        "8":0.6594905853,
        "9":0.6560282111,
        "10":0.6569642425,
        "11":0.6568681002,
        "12":0.6536963582,
        "13":0.6537710428,
        "14":0.6533294916,
        "15":0.65432024,
        "16":0.6536958218,
        "17":0.6546444893,
        "18":0.6539159417,
        "19":0.6550814509,
        "20":0.6539082527,
        "21":0.6542502642,
        "22":0.6538647413,
        "23":0.652561307,
        "24":0.6543896794,
        "25":0.6549933553,
        "26":0.6536414027,
        "27":0.6546314955,
        "28":0.6530847549,
        "29":0.6537467241,
        "30":0.6541090012,
        "31":0.6528661847,
        "32":0.6528461576,
        "33":0.6545679569,
        "34":0.6536890864,
        "35":0.6530593038,
        "36":0.6531758904,
        "37":0.6526497006,
        "38":0.6530842781,
        "39":0.6551665068,
        "40":0.656257093,
        "41":0.6535861492,
        "42":0.6559122205,
        "43":0.6547423601,
        "44":0.6535294056,
        "45":0.6544397473,
        "46":0.6545185447,
        "47":0.6567435861,
        "48":0.6562521458,
        "49":0.6541206241,
        "50":0.6555724144,
        "51":0.6534990668,
        "52":0.6543098688,
        "53":0.6532586813,
        "54":0.6540402174,
        "55":0.6544603705,
        "56":0.654158175,
        "57":0.658539772,
        "58":0.6557645798,
        "59":0.6571055651
    },
    "val_accuracy":{
        "0":0.5604918599,
        "1":0.5761602521,
        "2":0.5946053267,
        "3":0.595993638,
        "4":0.5971836448,
        "5":0.5946053267,
        "6":0.5993653536,
        "7":0.6001586914,
        "8":0.5993653536,
        "9":0.6031336784,
        "10":0.6047203541,
        "11":0.6017453671,
        "12":0.6055136919,
        "13":0.6013486981,
        "14":0.6063070297,
        "15":0.6059103608,
        "16":0.6057119966,
        "17":0.6027370095,
        "18":0.6055136919,
        "19":0.6017453671,
        "20":0.6049186587,
        "21":0.6088853478,
        "22":0.6078937054,
        "23":0.6065053344,
        "24":0.6100753546,
        "25":0.6043236852,
        "26":0.6069020033,
        "27":0.603728652,
        "28":0.6041253209,
        "29":0.609480381,
        "30":0.6049186587,
        "31":0.6102737188,
        "32":0.6043236852,
        "33":0.6061086655,
        "34":0.6057119966,
        "35":0.6072986722,
        "36":0.6088853478,
        "37":0.6086870432,
        "38":0.6065053344,
        "39":0.6102737188,
        "40":0.6057119966,
        "41":0.6041253209,
        "42":0.6057119966,
        "43":0.6076953411,
        "44":0.6071003675,
        "45":0.6063070297,
        "46":0.6065053344,
        "47":0.6059103608,
        "48":0.6027370095,
        "49":0.6065053344,
        "50":0.6072986722,
        "51":0.6065053344,
        "52":0.6112653613,
        "53":0.60809201,
        "54":0.6088853478,
        "55":0.6061086655,
        "56":0.6043236852,
        "57":0.6071003675,
        "58":0.6088853478,
        "59":0.6029353142
    }
}