{
    "loss":{
        "0":0.7448341846,
        "1":0.703329742,
        "2":0.6934856176,
        "3":0.6852847934,
        "4":0.6816072464,
        "5":0.677921772,
        "6":0.676538527,
        "7":0.6725728512,
        "8":0.6719222665,
        "9":0.6700761318,
        "10":0.6673861146,
        "11":0.6679231524,
        "12":0.6646921635,
        "13":0.666051805,
        "14":0.6649165154,
        "15":0.6632500291,
        "16":0.6626397371,
        "17":0.6614647508,
        "18":0.6613038778,
        "19":0.6612869501,
        "20":0.6606038809,
        "21":0.6601092219,
        "22":0.6610382199,
        "23":0.6580114365,
        "24":0.6589550972,
        "25":0.658700943,
        "26":0.657728076,
        "27":0.6573662758,
        "28":0.657714963,
        "29":0.6573526859,
        "30":0.6576297879,
        "31":0.6555082798,
        "32":0.6550551057,
        "33":0.6556584835,
        "34":0.6556228995,
        "35":0.6546945572,
        "36":0.6539433599,
        "37":0.6533722281,
        "38":0.653767705,
        "39":0.6526407003,
        "40":0.6528992653,
        "41":0.652095437,
        "42":0.6514769793,
        "43":0.6521862745,
        "44":0.6511671543,
        "45":0.6498769522,
        "46":0.6506434083,
        "47":0.6506337523,
        "48":0.650156796,
        "49":0.6502381563,
        "50":0.6498245597,
        "51":0.6493353248,
        "52":0.6486016512,
        "53":0.6484264731,
        "54":0.6481838822,
        "55":0.6482163072,
        "56":0.6479418874,
        "57":0.6470986009,
        "58":0.6471164823,
        "59":0.6474033594
    },
    "accuracy":{
        "0":0.5245539546,
        "1":0.5390385389,
        "2":0.5461569428,
        "3":0.5562939048,
        "4":0.5616102219,
        "5":0.5676022768,
        "6":0.570237875,
        "7":0.5762299299,
        "8":0.5752162337,
        "9":0.5788205266,
        "10":0.5883042216,
        "11":0.5844296217,
        "12":0.5920886397,
        "13":0.5905793905,
        "14":0.5923139453,
        "15":0.5942512155,
        "16":0.5963011384,
        "17":0.5967291594,
        "18":0.5983735919,
        "19":0.5989817977,
        "20":0.5996575952,
        "21":0.600040555,
        "22":0.5992295742,
        "23":0.6024734378,
        "24":0.602788806,
        "25":0.6017525792,
        "26":0.6043205857,
        "27":0.6043881774,
        "28":0.6031717658,
        "29":0.6032167673,
        "30":0.6032618284,
        "31":0.60720402,
        "32":0.6089835763,
        "33":0.6054018736,
        "34":0.606730938,
        "35":0.6086456776,
        "36":0.6088709831,
        "37":0.6097945571,
        "38":0.6117543578,
        "39":0.6122499704,
        "40":0.6101775169,
        "41":0.6135790348,
        "42":0.6129482985,
        "43":0.6107631922,
        "44":0.6133537292,
        "45":0.6135790348,
        "46":0.6137817502,
        "47":0.6147503853,
        "48":0.6152009368,
        "49":0.6134213209,
        "50":0.6150657535,
        "51":0.6159443259,
        "52":0.6156965494,
        "53":0.6177914739,
        "54":0.6165525317,
        "55":0.6158767343,
        "56":0.6191430688,
        "57":0.6194359064,
        "58":0.6195260286,
        "59":0.6193007827
    },
    "val_loss":{
        "0":0.6890506744,
        "1":0.6809509397,
        "2":0.6771125197,
        "3":0.6737453341,
        "4":0.6716359854,
        "5":0.6693844199,
        "6":0.66690135,
        "7":0.6651712656,
        "8":0.6651104689,
        "9":0.6641811728,
        "10":0.664259851,
        "11":0.6632026434,
        "12":0.6617385149,
        "13":0.6633069515,
        "14":0.6612302065,
        "15":0.6632841229,
        "16":0.6624134183,
        "17":0.6608741283,
        "18":0.6607171893,
        "19":0.6612782478,
        "20":0.6615855694,
        "21":0.6605686545,
        "22":0.6613407731,
        "23":0.6598072648,
        "24":0.6607638001,
        "25":0.6609510779,
        "26":0.6619192362,
        "27":0.6612715721,
        "28":0.6618056893,
        "29":0.6606311202,
        "30":0.6601769924,
        "31":0.6605580449,
        "32":0.6608998179,
        "33":0.6610999703,
        "34":0.6608865261,
        "35":0.6619459987,
        "36":0.6613681912,
        "37":0.6609876752,
        "38":0.6611599922,
        "39":0.6621143222,
        "40":0.663577497,
        "41":0.6609809399,
        "42":0.6607688069,
        "43":0.6612477303,
        "44":0.6625660062,
        "45":0.6632915139,
        "46":0.6625504494,
        "47":0.6633676291,
        "48":0.6616672873,
        "49":0.6605271697,
        "50":0.6609937549,
        "51":0.6629266739,
        "52":0.6606792212,
        "53":0.6625498533,
        "54":0.6617510319,
        "55":0.6627860069,
        "56":0.6627017856,
        "57":0.6633318663,
        "58":0.6637156606,
        "59":0.6629054546
    },
    "val_accuracy":{
        "0":0.5388358235,
        "1":0.5409983993,
        "2":0.5510903001,
        "3":0.561722815,
        "4":0.5712741017,
        "5":0.5797441006,
        "6":0.5876734257,
        "7":0.5914579034,
        "8":0.5855109096,
        "9":0.5883942842,
        "10":0.5882140994,
        "11":0.5939809084,
        "12":0.600468576,
        "13":0.5891151428,
        "14":0.5950621963,
        "15":0.5898360014,
        "16":0.5954226255,
        "17":0.5983060002,
        "18":0.5936204791,
        "19":0.5943413377,
        "20":0.5923590064,
        "21":0.5965038538,
        "22":0.594701767,
        "23":0.5952423811,
        "24":0.5979455709,
        "25":0.5950621963,
        "26":0.5916381478,
        "27":0.5900162458,
        "28":0.5891151428,
        "29":0.5950621963,
        "30":0.5918183327,
        "31":0.592178762,
        "32":0.5945215225,
        "33":0.5936204791,
        "34":0.592178762,
        "35":0.5912777185,
        "36":0.5972247124,
        "37":0.5952423811,
        "38":0.5903766155,
        "39":0.594701767,
        "40":0.588033855,
        "41":0.5966840982,
        "42":0.5928996205,
        "43":0.5961434245,
        "44":0.5916381478,
        "45":0.5892953873,
        "46":0.5932600498,
        "47":0.5910974741,
        "48":0.5927194357,
        "49":0.5984861851,
        "50":0.5968642831,
        "51":0.5927194357,
        "52":0.594701767,
        "53":0.5981258154,
        "54":0.5970445275,
        "55":0.5932600498,
        "56":0.5939809084,
        "57":0.5948819518,
        "58":0.5943413377,
        "59":0.5927194357
    }
}