{
    "loss":{
        "0":0.7178493142,
        "1":0.6957736015,
        "2":0.6868035793,
        "3":0.682695806,
        "4":0.6793310046,
        "5":0.6754752994,
        "6":0.6734500527,
        "7":0.6715800762,
        "8":0.6683108211,
        "9":0.6677899361,
        "10":0.6659397483,
        "11":0.6646039486,
        "12":0.6645843983,
        "13":0.6631430387,
        "14":0.6611688137,
        "15":0.6617535353,
        "16":0.6606014371,
        "17":0.6608210802,
        "18":0.6592879891,
        "19":0.6580859423,
        "20":0.6582305431,
        "21":0.6585984826,
        "22":0.6580428481,
        "23":0.6572110653,
        "24":0.6567159295,
        "25":0.6562460065,
        "26":0.6558734179,
        "27":0.6574912071,
        "28":0.6547180414,
        "29":0.6546673775,
        "30":0.6545655131,
        "31":0.653752327,
        "32":0.652993083,
        "33":0.6527228951,
        "34":0.6530233622,
        "35":0.6527166367,
        "36":0.6520979404,
        "37":0.6520571113,
        "38":0.6524470448,
        "39":0.6512382627,
        "40":0.6517090201,
        "41":0.6509034038,
        "42":0.6505641341,
        "43":0.6493730545,
        "44":0.6508231759,
        "45":0.6490735412,
        "46":0.6487465501,
        "47":0.6489779353,
        "48":0.6489478946,
        "49":0.6479892135,
        "50":0.6488167644,
        "51":0.6481348276,
        "52":0.647591114,
        "53":0.6480719447,
        "54":0.647936523,
        "55":0.6469753385,
        "56":0.6471265554,
        "57":0.6453176737,
        "58":0.646886766,
        "59":0.6460829973
    },
    "accuracy":{
        "0":0.516561687,
        "1":0.5342639089,
        "2":0.5492388606,
        "3":0.5565527678,
        "4":0.5635443926,
        "5":0.5703128576,
        "6":0.5743293762,
        "7":0.5801061392,
        "8":0.58533746,
        "9":0.583155632,
        "10":0.58667624,
        "11":0.5911390185,
        "12":0.5931720138,
        "13":0.5945852399,
        "14":0.5943868756,
        "15":0.5966430306,
        "16":0.5983785391,
        "17":0.5978578925,
        "18":0.6000396609,
        "19":0.5981801748,
        "20":0.603659451,
        "21":0.6007090807,
        "22":0.6025685668,
        "23":0.6023949981,
        "24":0.6047255397,
        "25":0.6041305065,
        "26":0.6063866615,
        "27":0.6052461863,
        "28":0.6078246832,
        "29":0.6069568992,
        "30":0.6062874794,
        "31":0.6088411808,
        "32":0.6095106006,
        "33":0.6106510758,
        "34":0.6082957387,
        "35":0.6108989716,
        "36":0.6092626452,
        "37":0.6101552248,
        "38":0.6118659377,
        "39":0.6130807996,
        "40":0.6138245463,
        "41":0.6106262803,
        "42":0.6129320264,
        "43":0.6134774685,
        "44":0.6106758714,
        "45":0.6148658991,
        "46":0.6149402261,
        "47":0.6137997508,
        "48":0.6156592369,
        "49":0.6154361367,
        "50":0.6147915125,
        "51":0.6144691706,
        "52":0.6150642037,
        "53":0.6167253256,
        "54":0.6160807014,
        "55":0.6181385517,
        "56":0.6186839938,
        "57":0.6194525957,
        "58":0.6200724244,
        "59":0.6191550493
    }
}