{
    "loss":{
        "0":0.7037756443,
        "1":0.6891080737,
        "2":0.6857371926,
        "3":0.6829464436,
        "4":0.6788393855,
        "5":0.6766710281,
        "6":0.6739912033,
        "7":0.6717806458,
        "8":0.6701130867,
        "9":0.6695456505,
        "10":0.6680138707,
        "11":0.6661478281,
        "12":0.6650044918,
        "13":0.6657513976,
        "14":0.6648116708,
        "15":0.6636478901,
        "16":0.6632470489,
        "17":0.6630544066,
        "18":0.661667347,
        "19":0.661165297,
        "20":0.661049366,
        "21":0.6607124805,
        "22":0.6597069502,
        "23":0.659637332,
        "24":0.6595010161,
        "25":0.6594504118,
        "26":0.658059001,
        "27":0.658554554,
        "28":0.6582869887,
        "29":0.6585074663,
        "30":0.6571018696,
        "31":0.657725215,
        "32":0.6560552716,
        "33":0.6561816931,
        "34":0.6560625434,
        "35":0.6560660005,
        "36":0.6563189626,
        "37":0.654907167,
        "38":0.6541053057,
        "39":0.6541998386,
        "40":0.6543451548,
        "41":0.6537448168,
        "42":0.6534494162,
        "43":0.6545398235,
        "44":0.6526627541,
        "45":0.6520180702,
        "46":0.6530436277,
        "47":0.6520564556,
        "48":0.6521039009,
        "49":0.6511649489,
        "50":0.651502192,
        "51":0.6512876153,
        "52":0.6510058641,
        "53":0.6504696608,
        "54":0.6501977444,
        "55":0.6503053308,
        "56":0.650700748,
        "57":0.6499933004,
        "58":0.6497206092,
        "59":0.6485447288
    },
    "accuracy":{
        "0":0.5215353966,
        "1":0.5375518203,
        "2":0.5446476936,
        "3":0.553140223,
        "4":0.5631645322,
        "5":0.5684357285,
        "6":0.5729185343,
        "7":0.5802396536,
        "8":0.5835511088,
        "9":0.5832357407,
        "10":0.5849702358,
        "11":0.5915029645,
        "12":0.590128839,
        "13":0.5929672122,
        "14":0.591953516,
        "15":0.5939358473,
        "16":0.5971345901,
        "17":0.594498992,
        "18":0.5987340212,
        "19":0.59983778,
        "20":0.6004009843,
        "21":0.6008514762,
        "22":0.6007839441,
        "23":0.6015498042,
        "24":0.6013470888,
        "25":0.6042755246,
        "26":0.6044782996,
        "27":0.6022256017,
        "28":0.6033068895,
        "29":0.6030816436,
        "30":0.6059199572,
        "31":0.6046359539,
        "32":0.6074968576,
        "33":0.6062128544,
        "34":0.6079248786,
        "35":0.6066408157,
        "36":0.608127594,
        "37":0.608623147,
        "38":0.6063254476,
        "39":0.6095017195,
        "40":0.6094115973,
        "41":0.6117768884,
        "42":0.6083753705,
        "43":0.610019803,
        "44":0.6098170877,
        "45":0.611146152,
        "46":0.6111686826,
        "47":0.6122950315,
        "48":0.613669157,
        "49":0.6135114431,
        "50":0.6154036522,
        "51":0.6129257679,
        "52":0.613691628,
        "53":0.6134213209,
        "54":0.6132186055,
        "55":0.6150432229,
        "56":0.6133312583,
        "57":0.6164173484,
        "58":0.6155613661,
        "59":0.6165300012
    }
}