{
    "loss":{
        "0":0.7333997488,
        "1":0.7057429552,
        "2":0.693328321,
        "3":0.6874272823,
        "4":0.6831582189,
        "5":0.6799294353,
        "6":0.6772142053,
        "7":0.6754462719,
        "8":0.6725948453,
        "9":0.67245543,
        "10":0.6707468033,
        "11":0.6693275571,
        "12":0.6682032943,
        "13":0.6678974628,
        "14":0.6663679481,
        "15":0.6657089591,
        "16":0.6653258204,
        "17":0.6650702357,
        "18":0.6645579934,
        "19":0.6624627113,
        "20":0.6627545357,
        "21":0.6614951491,
        "22":0.6609078646,
        "23":0.6609774232,
        "24":0.6608169675,
        "25":0.6608785987,
        "26":0.6585821509,
        "27":0.6602082849,
        "28":0.6579431891,
        "29":0.6588131189,
        "30":0.6582029462,
        "31":0.6580067873,
        "32":0.6577714682,
        "33":0.656932652,
        "34":0.6565851569,
        "35":0.6559166312,
        "36":0.6560901403,
        "37":0.6561381221,
        "38":0.6546794772,
        "39":0.653886199,
        "40":0.6544620991,
        "41":0.6536817551,
        "42":0.6533765793,
        "43":0.6533527374,
        "44":0.653427422,
        "45":0.6533003449,
        "46":0.6522619128,
        "47":0.652097106,
        "48":0.6522596478,
        "49":0.650451839,
        "50":0.6514009833,
        "51":0.6514940262,
        "52":0.6503633261,
        "53":0.6506613493,
        "54":0.6507205963,
        "55":0.6497835517,
        "56":0.6490563154,
        "57":0.6498551965,
        "58":0.6492506862,
        "59":0.6480243206
    },
    "accuracy":{
        "0":0.5258565545,
        "1":0.5346728563,
        "2":0.5492755771,
        "3":0.5504373908,
        "4":0.56219244,
        "5":0.5664297342,
        "6":0.5669992566,
        "7":0.57289958,
        "8":0.5790504813,
        "9":0.5777063966,
        "10":0.5796427727,
        "11":0.5847457647,
        "12":0.5864999294,
        "13":0.5850647092,
        "14":0.58896029,
        "15":0.5896209478,
        "16":0.591170013,
        "17":0.5923091173,
        "18":0.5923774242,
        "19":0.5945644379,
        "20":0.5957946181,
        "21":0.5976170897,
        "22":0.5982777476,
        "23":0.5976854563,
        "24":0.5964324474,
        "25":0.5978448987,
        "26":0.6035857201,
        "27":0.6001685858,
        "28":0.6029706597,
        "29":0.6026973128,
        "30":0.6036768556,
        "31":0.6046792269,
        "32":0.6055221558,
        "33":0.6036768556,
        "34":0.6083469987,
        "35":0.607185185,
        "36":0.6058638692,
        "37":0.6084609032,
        "38":0.609394908,
        "39":0.60955441,
        "40":0.6101011634,
        "41":0.6078230143,
        "42":0.6097822189,
        "43":0.6111946702,
        "44":0.6106706858,
        "45":0.6115819216,
        "46":0.6129943728,
        "47":0.6128121018,
        "48":0.6120375395,
        "49":0.6145662665,
        "50":0.611969173,
        "51":0.6137689352,
        "52":0.6134271622,
        "53":0.6143839955,
        "54":0.6163432002,
        "55":0.614680171,
        "56":0.6149991155,
        "57":0.6159786582,
        "58":0.6158647537,
        "59":0.6188718677
    },
    "val_loss":{
        "0":0.6787001491,
        "1":0.6721105576,
        "2":0.6711868644,
        "3":0.6664613485,
        "4":0.66587466,
        "5":0.6634702086,
        "6":0.6630738974,
        "7":0.6627826095,
        "8":0.6591050029,
        "9":0.6581766605,
        "10":0.6607524157,
        "11":0.6596828103,
        "12":0.6592678428,
        "13":0.6625024676,
        "14":0.6586683393,
        "15":0.658886373,
        "16":0.6593358517,
        "17":0.6587149501,
        "18":0.6583192945,
        "19":0.6578947306,
        "20":0.6579779983,
        "21":0.6599398851,
        "22":0.6594586372,
        "23":0.6571799517,
        "24":0.6582445502,
        "25":0.6569588184,
        "26":0.6572741866,
        "27":0.6571532488,
        "28":0.6568464637,
        "29":0.6550601125,
        "30":0.6549485922,
        "31":0.6559112668,
        "32":0.6541464329,
        "33":0.6545021534,
        "34":0.657309711,
        "35":0.6566790938,
        "36":0.6546732187,
        "37":0.6537846327,
        "38":0.6540961862,
        "39":0.6555390954,
        "40":0.6564990282,
        "41":0.6549441814,
        "42":0.6551930308,
        "43":0.6545432806,
        "44":0.6553216577,
        "45":0.6544989944,
        "46":0.6550720334,
        "47":0.6542143226,
        "48":0.6534661651,
        "49":0.6554892659,
        "50":0.6541398168,
        "51":0.6538142562,
        "52":0.6546669602,
        "53":0.6563538909,
        "54":0.6555147171,
        "55":0.6555411816,
        "56":0.6575750113,
        "57":0.6554554701,
        "58":0.6553237438,
        "59":0.6568986177
    },
    "val_accuracy":{
        "0":0.5704392195,
        "1":0.5800983906,
        "2":0.585748136,
        "3":0.5841078758,
        "4":0.5946783423,
        "5":0.5941315889,
        "6":0.5935848355,
        "7":0.5977765918,
        "8":0.6017860174,
        "9":0.6079825163,
        "10":0.6005102992,
        "11":0.6005102992,
        "12":0.5995990634,
        "13":0.5974120498,
        "14":0.5985055566,
        "15":0.5999635458,
        "16":0.5979588032,
        "17":0.6005102992,
        "18":0.598870039,
        "19":0.601421535,
        "20":0.604155302,
        "21":0.6045197845,
        "22":0.599234581,
        "23":0.6021505594,
        "24":0.60379076,
        "25":0.603973031,
        "26":0.60379076,
        "27":0.6034262776,
        "28":0.6021505594,
        "29":0.6032440066,
        "30":0.6050665379,
        "31":0.5997812748,
        "32":0.6057955027,
        "33":0.6047019958,
        "34":0.601603806,
        "35":0.6068890095,
        "36":0.6059777737,
        "37":0.6019682884,
        "38":0.6090760231,
        "39":0.6056132913,
        "40":0.6076180339,
        "41":0.6057955027,
        "42":0.6108984947,
        "43":0.6078002453,
        "44":0.6068890095,
        "45":0.6061599851,
        "46":0.6107162237,
        "47":0.6090760231,
        "48":0.6110807657,
        "49":0.6056132913,
        "50":0.6061599851,
        "51":0.6074357629,
        "52":0.604155302,
        "53":0.6052487493,
        "54":0.6061599851,
        "55":0.6067067385,
        "56":0.6057955027,
        "57":0.6059777737,
        "58":0.6043375134,
        "59":0.603973031
    }
}