{
    "loss":{
        "0":0.7286472321,
        "1":0.6966410875,
        "2":0.689873457,
        "3":0.6857879162,
        "4":0.6817269921,
        "5":0.6790950894,
        "6":0.6760726571,
        "7":0.6736633182,
        "8":0.6718118787,
        "9":0.6699139476,
        "10":0.6691918373,
        "11":0.6665487885,
        "12":0.6645480394,
        "13":0.6654957533,
        "14":0.6640619636,
        "15":0.6632567048,
        "16":0.6633796692,
        "17":0.6632310152,
        "18":0.6607573628,
        "19":0.6599676013,
        "20":0.6606304646,
        "21":0.6596263051,
        "22":0.659674108,
        "23":0.6588476896,
        "24":0.6576243043,
        "25":0.6583577394,
        "26":0.656691432,
        "27":0.6559364796,
        "28":0.6580868959,
        "29":0.655467093,
        "30":0.6556075215,
        "31":0.6564094424,
        "32":0.6556013823,
        "33":0.6540192962,
        "34":0.654684484,
        "35":0.6541181207,
        "36":0.6543112993,
        "37":0.6543642282,
        "38":0.6537428498,
        "39":0.6546266675,
        "40":0.6535339355,
        "41":0.6524039507,
        "42":0.6535259485,
        "43":0.652459085,
        "44":0.6521869302,
        "45":0.6519716382,
        "46":0.6518535614,
        "47":0.6512351632,
        "48":0.6512355804,
        "49":0.6504494548,
        "50":0.6510257721,
        "51":0.6513001323,
        "52":0.6496009231,
        "53":0.6497064829,
        "54":0.6498384476,
        "55":0.6485860944,
        "56":0.6495321393,
        "57":0.649711132,
        "58":0.6477811933,
        "59":0.6482075453
    },
    "accuracy":{
        "0":0.5229071975,
        "1":0.542321384,
        "2":0.5467581749,
        "3":0.5509008169,
        "4":0.556440711,
        "5":0.5645544529,
        "6":0.5688197017,
        "7":0.571736753,
        "8":0.5756342411,
        "9":0.577203095,
        "10":0.5808799863,
        "11":0.5835028887,
        "12":0.5874004364,
        "13":0.5884789824,
        "14":0.5897046328,
        "15":0.5878906846,
        "16":0.5862237811,
        "17":0.5896801353,
        "18":0.5945091248,
        "19":0.5940188766,
        "20":0.5935531259,
        "21":0.5945581794,
        "22":0.5949748755,
        "23":0.5949748755,
        "24":0.6002941728,
        "25":0.5973771214,
        "26":0.5988479257,
        "27":0.599460721,
        "28":0.5955631733,
        "29":0.600833416,
        "30":0.6015198231,
        "31":0.5979654193,
        "32":0.6022061706,
        "33":0.6041671634,
        "34":0.6022551656,
        "35":0.603186667,
        "36":0.6050006151,
        "37":0.6026228666,
        "38":0.6048535109,
        "39":0.601862967,
        "40":0.6050741673,
        "41":0.6038485169,
        "42":0.6038240194,
        "43":0.6048535109,
        "44":0.6016668677,
        "45":0.6064959168,
        "46":0.6053683162,
        "47":0.6069126129,
        "48":0.6071822643,
        "49":0.6095845103,
        "50":0.6079176664,
        "51":0.6075499654,
        "52":0.6078195572,
        "53":0.6086040139,
        "54":0.6113984585,
        "55":0.6091187596,
        "56":0.6112023592,
        "57":0.6075989604,
        "58":0.6142419577,
        "59":0.6105405092
    }
}