{
    "loss":{
        "0":0.7390288711,
        "1":0.6999497414,
        "2":0.6912384629,
        "3":0.6871400476,
        "4":0.6813161373,
        "5":0.6776177287,
        "6":0.6759560108,
        "7":0.6726011634,
        "8":0.6717901826,
        "9":0.6695331931,
        "10":0.66817981,
        "11":0.6655703187,
        "12":0.666359067,
        "13":0.6653268933,
        "14":0.6644634008,
        "15":0.6629488468,
        "16":0.6607909799,
        "17":0.6627575159,
        "18":0.6626281142,
        "19":0.6610648036,
        "20":0.659339726,
        "21":0.6602271199,
        "22":0.6591883898,
        "23":0.6594337821,
        "24":0.6581394672,
        "25":0.6586962342,
        "26":0.6566140652,
        "27":0.6560897231,
        "28":0.6565839648,
        "29":0.6560493708,
        "30":0.6560692787,
        "31":0.6545957327,
        "32":0.6558708549,
        "33":0.6551870704,
        "34":0.6547148824,
        "35":0.6544021368,
        "36":0.6544724107,
        "37":0.6537123919,
        "38":0.6541540623,
        "39":0.654627502,
        "40":0.6527860761,
        "41":0.6528648138,
        "42":0.6513742208,
        "43":0.6523495913,
        "44":0.6519473791,
        "45":0.650414288,
        "46":0.6505329013,
        "47":0.6510488987,
        "48":0.6501362324,
        "49":0.6512387991,
        "50":0.6498772502,
        "51":0.6501870155,
        "52":0.6485387683,
        "53":0.6489322186,
        "54":0.6489848495,
        "55":0.6493191719,
        "56":0.6481440067,
        "57":0.6487162113,
        "58":0.6470463276,
        "59":0.6479162574
    },
    "accuracy":{
        "0":0.5163132548,
        "1":0.5337663889,
        "2":0.5401152372,
        "3":0.5471994281,
        "4":0.5608530641,
        "5":0.5640152097,
        "6":0.5715651512,
        "7":0.5747762918,
        "8":0.5766392946,
        "9":0.5769579411,
        "10":0.5824243426,
        "11":0.5847530365,
        "12":0.5861747861,
        "13":0.5861257315,
        "14":0.5876945853,
        "15":0.5887241364,
        "16":0.5961514711,
        "17":0.5911018252,
        "18":0.5906851292,
        "19":0.5916166306,
        "20":0.5969604254,
        "21":0.592964828,
        "22":0.5965436697,
        "23":0.5974506736,
        "24":0.5986272693,
        "25":0.5986272693,
        "26":0.5984556675,
        "27":0.5991420746,
        "28":0.6002696157,
        "29":0.6036769152,
        "30":0.5975977182,
        "31":0.6016178727,
        "32":0.6009314656,
        "33":0.6012746692,
        "34":0.601495266,
        "35":0.6031131148,
        "36":0.6050496101,
        "37":0.6026964188,
        "38":0.6044123173,
        "39":0.6033337712,
        "40":0.6086530089,
        "41":0.6047554612,
        "42":0.6083343625,
        "43":0.6077950597,
        "44":0.6061527133,
        "45":0.6089962125,
        "46":0.6118642092,
        "47":0.6094374061,
        "48":0.610050261,
        "49":0.6088491082,
        "50":0.6082363129,
        "51":0.6087510586,
        "52":0.6090452075,
        "53":0.6135556102,
        "54":0.6110307574,
        "55":0.6093148589,
        "56":0.6122319102,
        "57":0.6119377613,
        "58":0.613163352,
        "59":0.6116681099
    }
}