{
    "loss":{
        "0":0.7105391622,
        "1":0.6947994828,
        "2":0.6888385415,
        "3":0.6852331161,
        "4":0.6818151474,
        "5":0.6797979474,
        "6":0.6786004901,
        "7":0.6761253476,
        "8":0.6758338213,
        "9":0.673422873,
        "10":0.6729464531,
        "11":0.6706647873,
        "12":0.6693524122,
        "13":0.6699963808,
        "14":0.6691874266,
        "15":0.6673955917,
        "16":0.6675003767,
        "17":0.6676484346,
        "18":0.6657510996,
        "19":0.665522933,
        "20":0.6664188504,
        "21":0.6649339795,
        "22":0.6647167206,
        "23":0.6640001535,
        "24":0.6635724306,
        "25":0.6633861065,
        "26":0.6631931067,
        "27":0.6620613933,
        "28":0.6620339751,
        "29":0.6612410545,
        "30":0.6620057225,
        "31":0.6612507105,
        "32":0.6612958312,
        "33":0.6597447395,
        "34":0.6590691805,
        "35":0.6591240764,
        "36":0.6585893631,
        "37":0.6588703394,
        "38":0.65908885,
        "39":0.6580119729,
        "40":0.6570067406,
        "41":0.6574528813,
        "42":0.6576013565,
        "43":0.6558511257,
        "44":0.6564228535,
        "45":0.656052947,
        "46":0.6560730934,
        "47":0.6557925344,
        "48":0.6549144387,
        "49":0.6558977962,
        "50":0.6554418206,
        "51":0.6524551511,
        "52":0.6533839703,
        "53":0.6547324061,
        "54":0.653627634,
        "55":0.6532350779,
        "56":0.6535241604,
        "57":0.6528048515,
        "58":0.6541975737,
        "59":0.6521970034
    },
    "accuracy":{
        "0":0.5190222263,
        "1":0.5316657424,
        "2":0.5436030626,
        "3":0.5510752797,
        "4":0.5556086898,
        "5":0.5592081547,
        "6":0.5622608066,
        "7":0.5697330236,
        "8":0.5697785616,
        "9":0.5769318342,
        "10":0.5757244229,
        "11":0.5814880729,
        "12":0.583173871,
        "13":0.5822170377,
        "14":0.5824220777,
        "15":0.5866821408,
        "16":0.5868871808,
        "17":0.5875023007,
        "18":0.5905777216,
        "19":0.5910561085,
        "20":0.5874111652,
        "21":0.5912611485,
        "22":0.5950200558,
        "23":0.5948377848,
        "24":0.5928330421,
        "25":0.5959085226,
        "26":0.5936303735,
        "27":0.5959996581,
        "28":0.596455276,
        "29":0.5994167924,
        "30":0.5947466493,
        "31":0.5991889834,
        "32":0.5969792008,
        "33":0.6005102992,
        "34":0.6027428508,
        "35":0.6055449247,
        "36":0.6042692065,
        "37":0.6037452221,
        "38":0.6013759971,
        "39":0.6039274931,
        "40":0.6030390263,
        "41":0.604018569,
        "42":0.6023100019,
        "43":0.6045653224,
        "44":0.60440588,
        "45":0.6055904627,
        "46":0.6073218584,
        "47":0.6077091098,
        "48":0.6102606058,
        "49":0.6073446274,
        "50":0.60461092,
        "51":0.6098049879,
        "52":0.60893929,
        "53":0.6075041294,
        "54":0.6109668016,
        "55":0.6122198105,
        "56":0.6131538153,
        "57":0.612310946,
        "58":0.6094860435,
        "59":0.6131538153
    }
}