{
    "loss":{
        "0":0.7094221711,
        "1":0.6912795901,
        "2":0.685864985,
        "3":0.6811444759,
        "4":0.6791833639,
        "5":0.6758725047,
        "6":0.6738973856,
        "7":0.6729206443,
        "8":0.6705677509,
        "9":0.6689687371,
        "10":0.6684424877,
        "11":0.6671494842,
        "12":0.6668917537,
        "13":0.6655848622,
        "14":0.6656935215,
        "15":0.6641147733,
        "16":0.6627797484,
        "17":0.6632147431,
        "18":0.6618120074,
        "19":0.6622163057,
        "20":0.6603055596,
        "21":0.6614861488,
        "22":0.6605876088,
        "23":0.6598867774,
        "24":0.6597143412,
        "25":0.6593515873,
        "26":0.6581875682,
        "27":0.6587164998,
        "28":0.659072578,
        "29":0.6589983106,
        "30":0.6568881273,
        "31":0.6562844515,
        "32":0.6574873328,
        "33":0.6568158865,
        "34":0.6558886766,
        "35":0.6562341452,
        "36":0.6565414667,
        "37":0.6557287574,
        "38":0.6554922462,
        "39":0.6539284587,
        "40":0.6546640396,
        "41":0.6558024287,
        "42":0.6546496153,
        "43":0.654471159,
        "44":0.6540890336,
        "45":0.6534641385,
        "46":0.6534501314,
        "47":0.6529768109,
        "48":0.6522906423,
        "49":0.6529200673,
        "50":0.6517323256,
        "51":0.6526429653,
        "52":0.6526743174,
        "53":0.651371181,
        "54":0.6510595083,
        "55":0.6510553956,
        "56":0.6509454846,
        "57":0.6502655745,
        "58":0.6496477127,
        "59":0.6505883336
    },
    "accuracy":{
        "0":0.5283159018,
        "1":0.5414038301,
        "2":0.546404779,
        "3":0.5560235977,
        "4":0.5633222461,
        "5":0.570508182,
        "6":0.5743377209,
        "7":0.5731437802,
        "8":0.5794287324,
        "9":0.5844070911,
        "10":0.5848576427,
        "11":0.5894530416,
        "12":0.5916381478,
        "13":0.5911650658,
        "14":0.593147397,
        "15":0.5924941301,
        "16":0.5981708169,
        "17":0.5967066288,
        "18":0.5986889601,
        "19":0.5983510613,
        "20":0.600265801,
        "21":0.5995900035,
        "22":0.6003559232,
        "23":0.6010091901,
        "24":0.6030816436,
        "25":0.6036898494,
        "26":0.6037799716,
        "27":0.6044557691,
        "28":0.6013245583,
        "29":0.6031717658,
        "30":0.6054469347,
        "31":0.6071364284,
        "32":0.6058974862,
        "33":0.6061452627,
        "34":0.6049513221,
        "35":0.6072940826,
        "36":0.6060326099,
        "37":0.6102676392,
        "38":0.6090736985,
        "39":0.6098846793,
        "40":0.6102901697,
        "41":0.6101549864,
        "42":0.610875845,
        "43":0.6115967035,
        "44":0.6121823788,
        "45":0.6112813354,
        "46":0.6122049093,
        "47":0.6122274399,
        "48":0.6136015654,
        "49":0.6132411361,
        "50":0.6133087277,
        "51":0.6122950315,
        "52":0.613669157,
        "53":0.6143449545,
        "54":0.6171607375,
        "55":0.6176338196,
        "56":0.6156289577,
        "57":0.6159668565,
        "58":0.6160794497,
        "59":0.6151558757
    }
}