{
    "loss":{
        "0":0.7227509618,
        "1":0.6955159903,
        "2":0.6875872612,
        "3":0.6824454665,
        "4":0.6777850986,
        "5":0.6733434796,
        "6":0.6715478301,
        "7":0.6703145504,
        "8":0.6681200266,
        "9":0.6666198373,
        "10":0.6647588015,
        "11":0.6642969251,
        "12":0.6629097462,
        "13":0.6613118052,
        "14":0.6609302759,
        "15":0.659763217,
        "16":0.659681499,
        "17":0.6597491503,
        "18":0.6582660079,
        "19":0.6566946507,
        "20":0.6566575766,
        "21":0.6567801833,
        "22":0.655854702,
        "23":0.6548931003,
        "24":0.6543950438,
        "25":0.6536086798,
        "26":0.6526241302,
        "27":0.6530790329,
        "28":0.6526933908,
        "29":0.652436316,
        "30":0.6516858339,
        "31":0.6525102258,
        "32":0.6519266963,
        "33":0.6511270404,
        "34":0.6514437199,
        "35":0.6503043771,
        "36":0.6502747536,
        "37":0.6491374969,
        "38":0.6490387321,
        "39":0.6493362188,
        "40":0.6491053104,
        "41":0.6485387683,
        "42":0.6486492753,
        "43":0.6483744979,
        "44":0.647978127,
        "45":0.6478053331,
        "46":0.6478449106,
        "47":0.6461244226,
        "48":0.6469706893,
        "49":0.6470510364,
        "50":0.6464734674,
        "51":0.6461516619,
        "52":0.6454421282,
        "53":0.6440980434,
        "54":0.6459622979,
        "55":0.6449915767,
        "56":0.6448024511,
        "57":0.6442496181,
        "58":0.6454551816,
        "59":0.6437075138
    },
    "accuracy":{
        "0":0.5198839903,
        "1":0.5344126821,
        "2":0.5478752255,
        "3":0.5578420162,
        "4":0.5669410229,
        "5":0.572816968,
        "6":0.5794119239,
        "7":0.5811722279,
        "8":0.5868746042,
        "9":0.5905191898,
        "10":0.5910150409,
        "11":0.5947835445,
        "12":0.5955273509,
        "13":0.5975355506,
        "14":0.6003867984,
        "15":0.6006842852,
        "16":0.5966926217,
        "17":0.6008330584,
        "18":0.6051222086,
        "19":0.6046759486,
        "20":0.6042048931,
        "21":0.6044775844,
        "22":0.6093122363,
        "23":0.6058164239,
        "24":0.610874176,
        "25":0.6095353961,
        "26":0.6124609709,
        "27":0.6111469269,
        "28":0.61174196,
        "29":0.6123121977,
        "30":0.6125600934,
        "31":0.6118163466,
        "32":0.6095106006,
        "33":0.6118907332,
        "34":0.6110973358,
        "35":0.613452673,
        "36":0.6148411036,
        "37":0.6151137948,
        "38":0.6161550879,
        "39":0.6153865457,
        "40":0.6173947453,
        "41":0.6149402261,
        "42":0.6162542701,
        "43":0.6149154305,
        "44":0.6167005301,
        "45":0.6167997122,
        "46":0.6159319878,
        "47":0.6214359999,
        "48":0.6155600548,
        "49":0.619328618,
        "50":0.6158080101,
        "51":0.6181633472,
        "52":0.6187583804,
        "53":0.6219318509,
        "54":0.6186591983,
        "55":0.6206178665,
        "56":0.6207913756,
        "57":0.6213864088,
        "58":0.6187831759,
        "59":0.6203947067
    }
}