{
    "loss":{
        "0":0.7306310534,
        "1":0.7016564012,
        "2":0.6924470663,
        "3":0.6859382391,
        "4":0.6810225248,
        "5":0.6779391766,
        "6":0.6740660071,
        "7":0.6739114523,
        "8":0.6707914472,
        "9":0.6682803035,
        "10":0.6668738723,
        "11":0.6647201777,
        "12":0.6642010212,
        "13":0.6619350314,
        "14":0.6632248163,
        "15":0.6613724828,
        "16":0.6598711014,
        "17":0.6590815187,
        "18":0.6577279568,
        "19":0.6577010155,
        "20":0.657541275,
        "21":0.6561804414,
        "22":0.6558685899,
        "23":0.6559004784,
        "24":0.6540122032,
        "25":0.6549552679,
        "26":0.6547099352,
        "27":0.6532405019,
        "28":0.6525108218,
        "29":0.6524995565,
        "30":0.6536267996,
        "31":0.6530287862,
        "32":0.6522873044,
        "33":0.6507934928,
        "34":0.6513320208,
        "35":0.6514727473,
        "36":0.6499984264,
        "37":0.6507292986,
        "38":0.6490283012,
        "39":0.6492927074,
        "40":0.6485967636,
        "41":0.6491705179,
        "42":0.6489544511,
        "43":0.6495229006,
        "44":0.6474863291,
        "45":0.6474428177,
        "46":0.6472147703,
        "47":0.6468335986,
        "48":0.6452379823,
        "49":0.645976305,
        "50":0.6438652873,
        "51":0.6449656487,
        "52":0.6453316212,
        "53":0.6441263556,
        "54":0.6440328956,
        "55":0.6439573169,
        "56":0.6428804994,
        "57":0.6428835988,
        "58":0.6435238123,
        "59":0.6425571442
    },
    "accuracy":{
        "0":0.5284470916,
        "1":0.5408751369,
        "2":0.5473955274,
        "3":0.5594313145,
        "4":0.5655350089,
        "5":0.5650202036,
        "6":0.5774972439,
        "7":0.5757813454,
        "8":0.5826694369,
        "9":0.5810760856,
        "10":0.5852923393,
        "11":0.5904154778,
        "12":0.5882583857,
        "13":0.5941414237,
        "14":0.5924010277,
        "15":0.5920088291,
        "16":0.5945091248,
        "17":0.5955141783,
        "18":0.5989949703,
        "19":0.5972545743,
        "20":0.5985782743,
        "21":0.600490272,
        "22":0.6008089185,
        "23":0.6014707685,
        "24":0.6024022698,
        "25":0.6012256145,
        "26":0.6025003195,
        "27":0.6046084166,
        "28":0.6059811115,
        "29":0.605956614,
        "30":0.6044123173,
        "31":0.6059811115,
        "32":0.6050986648,
        "33":0.6083343625,
        "34":0.6087020636,
        "35":0.6070351601,
        "36":0.6093393564,
        "37":0.6060791612,
        "38":0.6102953553,
        "39":0.6103199124,
        "40":0.6109082103,
        "41":0.610393405,
        "42":0.611790657,
        "43":0.60902071,
        "44":0.6127711535,
        "45":0.6123299599,
        "46":0.6126731038,
        "47":0.6122073531,
        "48":0.6157862544,
        "49":0.6140213013,
        "50":0.6177472472,
        "51":0.6179679036,
        "52":0.6150508523,
        "53":0.6153205037,
        "54":0.6186542511,
        "55":0.6178207994,
        "56":0.6188748479,
        "57":0.6175266504,
        "58":0.6158598065,
        "59":0.617208004
    },
    "val_loss":{
        "0":0.682696104,
        "1":0.6727048159,
        "2":0.6698331237,
        "3":0.6698301435,
        "4":0.6677113771,
        "5":0.6669920683,
        "6":0.6654545665,
        "7":0.6636449695,
        "8":0.6644707918,
        "9":0.6619244218,
        "10":0.6654736996,
        "11":0.6631213427,
        "12":0.6606659889,
        "13":0.6618252993,
        "14":0.6598374844,
        "15":0.6598511934,
        "16":0.6590594053,
        "17":0.6605080962,
        "18":0.660602808,
        "19":0.6607145667,
        "20":0.6611820459,
        "21":0.659911871,
        "22":0.6591815352,
        "23":0.659275353,
        "24":0.6601342559,
        "25":0.6592239738,
        "26":0.6598975658,
        "27":0.6585390568,
        "28":0.661344707,
        "29":0.6585959792,
        "30":0.6579353213,
        "31":0.6620860696,
        "32":0.6596904993,
        "33":0.6594420075,
        "34":0.6567975879,
        "35":0.6572726965,
        "36":0.6604010463,
        "37":0.6571564674,
        "38":0.6565654874,
        "39":0.6586019993,
        "40":0.657558918,
        "41":0.6579341888,
        "42":0.6598434448,
        "43":0.6581965089,
        "44":0.6586995721,
        "45":0.658264339,
        "46":0.6582434177,
        "47":0.6574195623,
        "48":0.6575245261,
        "49":0.6586484909,
        "50":0.6588556767,
        "51":0.6581408381,
        "52":0.6581534743,
        "53":0.658190012,
        "54":0.6588234901,
        "55":0.6589395404,
        "56":0.6563476324,
        "57":0.6595773101,
        "58":0.6591570973,
        "59":0.6571167707
    },
    "val_accuracy":{
        "0":0.553725481,
        "1":0.5684313774,
        "2":0.573333323,
        "3":0.572941184,
        "4":0.5778431296,
        "5":0.5762745142,
        "6":0.5807843208,
        "7":0.583725512,
        "8":0.5872548819,
        "9":0.5894117355,
        "10":0.5890195966,
        "11":0.5892156959,
        "12":0.5913725495,
        "13":0.5945097804,
        "14":0.5952941179,
        "15":0.5927451253,
        "16":0.5921568871,
        "17":0.5943137407,
        "18":0.5909804106,
        "19":0.5915686488,
        "20":0.590588212,
        "21":0.5927451253,
        "22":0.5917646885,
        "23":0.590588212,
        "24":0.5945097804,
        "25":0.5939215422,
        "26":0.5974509716,
        "27":0.5962744951,
        "28":0.5976470709,
        "29":0.5927451253,
        "30":0.5968627334,
        "31":0.5911764503,
        "32":0.5966666937,
        "33":0.5933333039,
        "34":0.5947058797,
        "35":0.5964705944,
        "36":0.6023529172,
        "37":0.5964705944,
        "38":0.5978431106,
        "39":0.5952941179,
        "40":0.5998039246,
        "41":0.5941176414,
        "42":0.594901979,
        "43":0.5982353091,
        "44":0.6000000238,
        "45":0.6000000238,
        "46":0.5980392098,
        "47":0.5968627334,
        "48":0.6001960635,
        "49":0.5976470709,
        "50":0.5888235569,
        "51":0.5994117856,
        "52":0.6007843018,
        "53":0.5954902172,
        "54":0.5978431106,
        "55":0.5986274481,
        "56":0.6007843018,
        "57":0.5968627334,
        "58":0.5964705944,
        "59":0.6005882621
    }
}