{
    "loss":{
        "0":0.7330437303,
        "1":0.6979310513,
        "2":0.6903892159,
        "3":0.6861833334,
        "4":0.681815207,
        "5":0.6787967682,
        "6":0.674064219,
        "7":0.6733697057,
        "8":0.6730140448,
        "9":0.6711081266,
        "10":0.6703497171,
        "11":0.6682668328,
        "12":0.6682889462,
        "13":0.6667824388,
        "14":0.6649759412,
        "15":0.6658349037,
        "16":0.6647236347,
        "17":0.6644525528,
        "18":0.6624444127,
        "19":0.6634899378,
        "20":0.6617978811,
        "21":0.6614488363,
        "22":0.6616845131,
        "23":0.6614205241,
        "24":0.6610218287,
        "25":0.6597793102,
        "26":0.6595993638,
        "27":0.6590781212,
        "28":0.6601720452,
        "29":0.6591306925,
        "30":0.6582145691,
        "31":0.658531785,
        "32":0.6581140161,
        "33":0.657387197,
        "34":0.6565008163,
        "35":0.6572299004,
        "36":0.6565134525,
        "37":0.6556949615,
        "38":0.6553258896,
        "39":0.6557998657,
        "40":0.6550039053,
        "41":0.6546642184,
        "42":0.6552639008,
        "43":0.6546709538,
        "44":0.6556372046,
        "45":0.6540734172,
        "46":0.6540465951,
        "47":0.6528511643,
        "48":0.6524761319,
        "49":0.6523464918,
        "50":0.6529338956,
        "51":0.6522144675,
        "52":0.6522445679,
        "53":0.6519092321,
        "54":0.6515695453,
        "55":0.650890708,
        "56":0.651042223,
        "57":0.650287509,
        "58":0.6507028937,
        "59":0.6497226357
    },
    "accuracy":{
        "0":0.521086812,
        "1":0.5388382673,
        "2":0.5415419936,
        "3":0.5498747826,
        "4":0.5554152131,
        "5":0.5645014644,
        "6":0.5743855834,
        "7":0.5747623444,
        "8":0.5766017437,
        "9":0.5798816681,
        "10":0.5829621553,
        "11":0.5880371332,
        "12":0.5891895294,
        "13":0.5924472809,
        "14":0.5914500356,
        "15":0.5933559537,
        "16":0.5953061581,
        "17":0.5944418311,
        "18":0.5987190604,
        "19":0.594486177,
        "20":0.6015335917,
        "21":0.5992509127,
        "22":0.5990736485,
        "23":0.6001374125,
        "24":0.5982314944,
        "25":0.6022649407,
        "26":0.6001374125,
        "27":0.6024865508,
        "28":0.6011346579,
        "29":0.604126513,
        "30":0.6035724282,
        "31":0.6059215665,
        "32":0.604614079,
        "33":0.6066529155,
        "34":0.6052789092,
        "35":0.6064313054,
        "36":0.6067194343,
        "37":0.6103096008,
        "38":0.6108414531,
        "39":0.6105312109,
        "40":0.6088026166,
        "41":0.610730648,
        "42":0.6102209687,
        "43":0.6132127643,
        "44":0.6096225977,
        "45":0.6126587391,
        "46":0.612437129,
        "47":0.61281389,
        "48":0.6146975756,
        "49":0.6155175567,
        "50":0.6141435504,
        "51":0.6141213775,
        "52":0.6160272956,
        "53":0.6129468083,
        "54":0.6168916225,
        "55":0.6157392263,
        "56":0.6160272956,
        "57":0.6178002357,
        "58":0.6168472767,
        "59":0.6189748049
    }
}