{
    "loss":{
        "0":0.742898941,
        "1":0.7067492008,
        "2":0.6959815621,
        "3":0.688741684,
        "4":0.6811022758,
        "5":0.6776589751,
        "6":0.6759661436,
        "7":0.6728410125,
        "8":0.6718271375,
        "9":0.6693683267,
        "10":0.6677535772,
        "11":0.6669525504,
        "12":0.6655534506,
        "13":0.6656848192,
        "14":0.6631282568,
        "15":0.6625624895,
        "16":0.6616014838,
        "17":0.661644876,
        "18":0.6607328653,
        "19":0.6592293382,
        "20":0.6583485603,
        "21":0.6573054194,
        "22":0.6578786969,
        "23":0.6584587097,
        "24":0.6577295661,
        "25":0.6559601426,
        "26":0.6556891203,
        "27":0.6554609537,
        "28":0.655079186,
        "29":0.6547469497,
        "30":0.6539427042,
        "31":0.6546744704,
        "32":0.6547180414,
        "33":0.6539415717,
        "34":0.6537276506,
        "35":0.6527529359,
        "36":0.6525624394,
        "37":0.6520832777,
        "38":0.6515123844,
        "39":0.6506915092,
        "40":0.6508706212,
        "41":0.6497552991,
        "42":0.6505870223,
        "43":0.6497650146,
        "44":0.6488528252,
        "45":0.6497647166,
        "46":0.6495403051,
        "47":0.6497890353,
        "48":0.6480532289,
        "49":0.6476152539,
        "50":0.648076117,
        "51":0.647228241,
        "52":0.6461706758,
        "53":0.6479658484,
        "54":0.6474658251,
        "55":0.6468007565,
        "56":0.6461197138,
        "57":0.6453464627,
        "58":0.6455523968,
        "59":0.6450150013
    },
    "accuracy":{
        "0":0.5246769786,
        "1":0.5388382673,
        "2":0.545198679,
        "3":0.5536422729,
        "4":0.5641690493,
        "5":0.5690667629,
        "6":0.5727899075,
        "7":0.5799924731,
        "8":0.5824080706,
        "9":0.5863085389,
        "10":0.5875939131,
        "11":0.5905635953,
        "12":0.5928905606,
        "13":0.5970790982,
        "14":0.5967023373,
        "15":0.5997163057,
        "16":0.6016443968,
        "17":0.6003368497,
        "18":0.601710856,
        "19":0.6072956324,
        "20":0.6060767174,
        "21":0.6091128588,
        "22":0.6081598997,
        "23":0.6047469974,
        "24":0.6070518494,
        "25":0.6102431417,
        "26":0.6081156135,
        "27":0.610265255,
        "28":0.6121490002,
        "29":0.6105976701,
        "30":0.6115063429,
        "31":0.612193346,
        "32":0.612326324,
        "33":0.6145424843,
        "34":0.6123484969,
        "35":0.6159608364,
        "36":0.6136116982,
        "37":0.6153402925,
        "38":0.6182878017,
        "39":0.6180218458,
        "40":0.6148970723,
        "41":0.6205704212,
        "42":0.619661808,
        "43":0.6179996729,
        "44":0.6179996729,
        "45":0.6203709841,
        "46":0.620393157,
        "47":0.6198169589,
        "48":0.6213904023,
        "49":0.6225206852,
        "50":0.6198391318,
        "51":0.6236287355,
        "52":0.6225649714,
        "53":0.6225427985,
        "54":0.6231855154,
        "55":0.6232741475,
        "56":0.6224985123,
        "57":0.6252686977,
        "58":0.6223877072,
        "59":0.6249362826
    },
    "val_loss":{
        "0":0.679377079,
        "1":0.6766632795,
        "2":0.6732288003,
        "3":0.6699206829,
        "4":0.6669716239,
        "5":0.6671349406,
        "6":0.6651380658,
        "7":0.663870573,
        "8":0.664185524,
        "9":0.6630304456,
        "10":0.6640736461,
        "11":0.6627967954,
        "12":0.6636137962,
        "13":0.6622465253,
        "14":0.6650075912,
        "15":0.6637683511,
        "16":0.6630631089,
        "17":0.6610194445,
        "18":0.6601141095,
        "19":0.6605650187,
        "20":0.6616432071,
        "21":0.6601231694,
        "22":0.6612351537,
        "23":0.6593533754,
        "24":0.6590831876,
        "25":0.6589912772,
        "26":0.6599837542,
        "27":0.6586223245,
        "28":0.6588405967,
        "29":0.6592396498,
        "30":0.6580280662,
        "31":0.6585239768,
        "32":0.6586215496,
        "33":0.6594374776,
        "34":0.6601048112,
        "35":0.6590505242,
        "36":0.6590164304,
        "37":0.6577951908,
        "38":0.6571219563,
        "39":0.6600577235,
        "40":0.661629796,
        "41":0.6598759294,
        "42":0.6590192318,
        "43":0.6586700678,
        "44":0.6584838629,
        "45":0.6583728194,
        "46":0.6600466371,
        "47":0.6613633633,
        "48":0.6579219103,
        "49":0.658688426,
        "50":0.6587572098,
        "51":0.6587584019,
        "52":0.6610361934,
        "53":0.6607539654,
        "54":0.6574481726,
        "55":0.6590384841,
        "56":0.6605491638,
        "57":0.6592805982,
        "58":0.6588609815,
        "59":0.6589303017
    },
    "val_accuracy":{
        "0":0.5660343766,
        "1":0.5694025755,
        "2":0.5773798823,
        "3":0.5832298994,
        "4":0.5899662971,
        "5":0.5880163312,
        "6":0.5981209278,
        "7":0.5984754562,
        "8":0.600602746,
        "9":0.5991845131,
        "10":0.5995391011,
        "11":0.5972345471,
        "12":0.5952845216,
        "13":0.5970572829,
        "14":0.5963481665,
        "15":0.598298192,
        "16":0.5993618369,
        "17":0.6014891267,
        "18":0.5981209278,
        "19":0.602552712,
        "20":0.6007800102,
        "21":0.5988299847,
        "22":0.6034390926,
        "23":0.600602746,
        "24":0.6053891182,
        "25":0.6045027375,
        "26":0.6021981835,
        "27":0.6050345898,
        "28":0.6062754989,
        "29":0.600602746,
        "30":0.600248158,
        "31":0.6034390926,
        "32":0.6018436551,
        "33":0.6043254733,
        "34":0.597943604,
        "35":0.5998936296,
        "36":0.6046800017,
        "37":0.6036163568,
        "38":0.6064527631,
        "39":0.5998936296,
        "40":0.6011345387,
        "41":0.6018436551,
        "42":0.6034390926,
        "43":0.6034390926,
        "44":0.6045027375,
        "45":0.6021981835,
        "46":0.6018436551,
        "47":0.6045027375,
        "48":0.6045027375,
        "49":0.6041482091,
        "50":0.6034390926,
        "51":0.6034390926,
        "52":0.5991845131,
        "53":0.6027300358,
        "54":0.6013118029,
        "55":0.6018436551,
        "56":0.5986527205,
        "57":0.5995391011,
        "58":0.6027300358,
        "59":0.6004254818
    }
}