{
    "loss":{
        "0":0.7347877622,
        "1":0.7020615339,
        "2":0.6924529672,
        "3":0.6842652559,
        "4":0.6794242263,
        "5":0.6755348444,
        "6":0.6732703447,
        "7":0.6707455516,
        "8":0.6687876582,
        "9":0.6675669551,
        "10":0.6663021445,
        "11":0.6635271907,
        "12":0.6628152132,
        "13":0.6619771123,
        "14":0.6602095366,
        "15":0.6593178511,
        "16":0.6586580276,
        "17":0.656925261,
        "18":0.6572724581,
        "19":0.6575175524,
        "20":0.6551363468,
        "21":0.6547498703,
        "22":0.6540127397,
        "23":0.653552413,
        "24":0.6530259848,
        "25":0.6521545053,
        "26":0.6515638828,
        "27":0.6517649889,
        "28":0.651052475,
        "29":0.6513290405,
        "30":0.6495595574,
        "31":0.6507478952,
        "32":0.6497565508,
        "33":0.6491762996,
        "34":0.6482239366,
        "35":0.6479661465,
        "36":0.6474718451,
        "37":0.6476474404,
        "38":0.6466986537,
        "39":0.6474592686,
        "40":0.6456616521,
        "41":0.6441070437,
        "42":0.6466924548,
        "43":0.6444857121,
        "44":0.6445789337,
        "45":0.6435078979,
        "46":0.6434339285,
        "47":0.644110918,
        "48":0.6431189179,
        "49":0.642752111,
        "50":0.6422595382,
        "51":0.6414250135,
        "52":0.6413140893,
        "53":0.6414249539,
        "54":0.6410117149,
        "55":0.6399587393,
        "56":0.6415117383,
        "57":0.6396033168,
        "58":0.6401851773,
        "59":0.6398636699
    },
    "accuracy":{
        "0":0.5272129774,
        "1":0.5473273993,
        "2":0.5527821779,
        "3":0.5615000725,
        "4":0.5705345273,
        "5":0.5763301849,
        "6":0.5767198205,
        "7":0.5823693871,
        "8":0.5858516693,
        "9":0.5859734416,
        "10":0.5888956785,
        "11":0.5957871675,
        "12":0.5948131084,
        "13":0.5963959694,
        "14":0.6005844474,
        "15":0.5995129943,
        "16":0.6051868796,
        "17":0.6049677134,
        "18":0.603774488,
        "19":0.6046511531,
        "20":0.607719481,
        "21":0.6084499955,
        "22":0.6106416583,
        "23":0.6100815535,
        "24":0.6116644144,
        "25":0.6126384735,
        "26":0.6134177446,
        "27":0.6140996218,
        "28":0.6167539358,
        "29":0.6151466966,
        "30":0.6160233617,
        "31":0.6150979996,
        "32":0.616291225,
        "33":0.6187264323,
        "34":0.6186289787,
        "35":0.6197735071,
        "36":0.6203092933,
        "37":0.620431006,
        "38":0.6181906462,
        "39":0.6216973066,
        "40":0.6214538217,
        "41":0.6267380714,
        "42":0.6234019399,
        "43":0.6251308918,
        "44":0.6232314706,
        "45":0.6251552701,
        "46":0.6263728142,
        "47":0.6252769828,
        "48":0.6260075569,
        "49":0.6272251606,
        "50":0.6281748414,
        "51":0.626981616,
        "52":0.6279556751,
        "53":0.6279556751,
        "54":0.6289541125,
        "55":0.628710568,
        "56":0.6249848008,
        "57":0.6304395199,
        "58":0.6286375523,
        "59":0.6291489005
    },
    "val_loss":{
        "0":0.6777582765,
        "1":0.668828249,
        "2":0.6650953889,
        "3":0.6640993357,
        "4":0.6655916572,
        "5":0.6618150473,
        "6":0.6642096043,
        "7":0.6626886129,
        "8":0.661308825,
        "9":0.659973681,
        "10":0.6598479748,
        "11":0.6600307822,
        "12":0.6593889594,
        "13":0.6592096686,
        "14":0.65939641,
        "15":0.6590525508,
        "16":0.6586233974,
        "17":0.6625431776,
        "18":0.6577509642,
        "19":0.6572734714,
        "20":0.6584697366,
        "21":0.659414351,
        "22":0.6591727138,
        "23":0.657709837,
        "24":0.658447504,
        "25":0.6595560908,
        "26":0.6569221616,
        "27":0.6568999887,
        "28":0.6559032202,
        "29":0.6603497267,
        "30":0.6571787,
        "31":0.6554294229,
        "32":0.6557536125,
        "33":0.6554956436,
        "34":0.6566151977,
        "35":0.6573853493,
        "36":0.6608742476,
        "37":0.6556022763,
        "38":0.6588932872,
        "39":0.6561794281,
        "40":0.6562817693,
        "41":0.6576808691,
        "42":0.6567130089,
        "43":0.6572134495,
        "44":0.6574850082,
        "45":0.6577615142,
        "46":0.6575262547,
        "47":0.6572486162,
        "48":0.6587320566,
        "49":0.6558772922,
        "50":0.6567733884,
        "51":0.6597546339,
        "52":0.6583235264,
        "53":0.6594206691,
        "54":0.65947932,
        "55":0.6597062945,
        "56":0.6585881114,
        "57":0.6571084857,
        "58":0.6572140455,
        "59":0.6588277221
    },
    "val_accuracy":{
        "0":0.5679782033,
        "1":0.5905726552,
        "2":0.5925204754,
        "3":0.5940787196,
        "4":0.5899882913,
        "5":0.5977795124,
        "6":0.5991429687,
        "7":0.6007012129,
        "8":0.6018698812,
        "9":0.6010907888,
        "10":0.6016750932,
        "11":0.6042072177,
        "12":0.5987533927,
        "13":0.6026490331,
        "14":0.5966108441,
        "15":0.6016750932,
        "16":0.6073237062,
        "17":0.5995325446,
        "18":0.6067394018,
        "19":0.6036229134,
        "20":0.6042072177,
        "21":0.6084923744,
        "22":0.6077132821,
        "23":0.6045967937,
        "24":0.6024542451,
        "25":0.6034281254,
        "26":0.6086871624,
        "27":0.6022594571,
        "28":0.6112193465,
        "29":0.6098558903,
        "30":0.6086871624,
        "31":0.613946259,
        "32":0.6063498259,
        "33":0.6061550379,
        "34":0.6069341898,
        "35":0.6049863696,
        "36":0.6088819504,
        "37":0.6071289182,
        "38":0.6092715263,
        "39":0.6059602499,
        "40":0.6071289182,
        "41":0.6077132821,
        "42":0.6100506186,
        "43":0.6102454066,
        "44":0.6061550379,
        "45":0.6059602499,
        "46":0.6088819504,
        "47":0.6069341898,
        "48":0.6100506186,
        "49":0.608297646,
        "50":0.6102454066,
        "51":0.6069341898,
        "52":0.6084923744,
        "53":0.6110245585,
        "54":0.6081028581,
        "55":0.6088819504,
        "56":0.6067394018,
        "57":0.6102454066,
        "58":0.6065446138,
        "59":0.6042072177
    }
}