{
    "loss":{
        "0":0.7175087929,
        "1":0.6934159398,
        "2":0.6874865294,
        "3":0.6830180883,
        "4":0.6799303293,
        "5":0.6775497794,
        "6":0.674526155,
        "7":0.6731954813,
        "8":0.6705307364,
        "9":0.6680498123,
        "10":0.6693507433,
        "11":0.6656008959,
        "12":0.6646156311,
        "13":0.6647737026,
        "14":0.6625413895,
        "15":0.6616883874,
        "16":0.6608591676,
        "17":0.6616623998,
        "18":0.6605665684,
        "19":0.6603127718,
        "20":0.6598246694,
        "21":0.6592578888,
        "22":0.658492744,
        "23":0.6575135589,
        "24":0.6568287015,
        "25":0.6568784118,
        "26":0.6557790637,
        "27":0.6554495692,
        "28":0.6545013785,
        "29":0.6563262343,
        "30":0.6552925706,
        "31":0.653711319,
        "32":0.6539567113,
        "33":0.6536986232,
        "34":0.6540760398,
        "35":0.6533918977,
        "36":0.6537348628,
        "37":0.6532229185,
        "38":0.6542855501,
        "39":0.6516803503,
        "40":0.6530689001,
        "41":0.6515828371,
        "42":0.6520396471,
        "43":0.6509277225,
        "44":0.651412189,
        "45":0.6498901844,
        "46":0.6502161026,
        "47":0.6506722569,
        "48":0.6501387954,
        "49":0.6500595808,
        "50":0.6491140127,
        "51":0.6492131948,
        "52":0.6481118202,
        "53":0.6495246887,
        "54":0.6489417553,
        "55":0.6477176547,
        "56":0.6480209827,
        "57":0.6476323009,
        "58":0.6478588581,
        "59":0.6482918859
    },
    "accuracy":{
        "0":0.5245099068,
        "1":0.5383416414,
        "2":0.5480579734,
        "3":0.5591866374,
        "4":0.5635942817,
        "5":0.570266664,
        "6":0.5758675337,
        "7":0.5787166953,
        "8":0.5800073147,
        "9":0.5891878605,
        "10":0.5875806808,
        "11":0.5931328535,
        "12":0.5942530036,
        "13":0.5957871675,
        "14":0.6001948118,
        "15":0.6006087661,
        "16":0.6009740829,
        "17":0.6010470986,
        "18":0.6039449573,
        "19":0.6009984016,
        "20":0.6050894856,
        "21":0.6044319868,
        "22":0.6065018773,
        "23":0.6071106791,
        "24":0.6051381826,
        "25":0.6070619822,
        "26":0.6111043692,
        "27":0.6099111438,
        "28":0.6098380685,
        "29":0.6090344787,
        "30":0.6118835807,
        "31":0.6111043692,
        "32":0.6132229567,
        "33":0.6153658628,
        "34":0.6134908199,
        "35":0.6129794121,
        "36":0.6135638356,
        "37":0.6151953936,
        "38":0.6100328565,
        "39":0.6158772707,
        "40":0.6134908199,
        "41":0.6151953936,
        "42":0.6156094074,
        "43":0.6180932522,
        "44":0.614367485,
        "45":0.616193831,
        "46":0.6174114347,
        "47":0.6178984642,
        "48":0.6182150245,
        "49":0.6171435714,
        "50":0.6185802817,
        "51":0.6194082499,
        "52":0.6193351746,
        "53":0.6192621589,
        "54":0.6198952794,
        "55":0.6218190789,
        "56":0.6207232475,
        "57":0.6223061085,
        "58":0.6202118397,
        "59":0.6192134619
    }
}