{
    "loss":{
        "0":0.7239642739,
        "1":0.6972368956,
        "2":0.6888851523,
        "3":0.6854810119,
        "4":0.6815775633,
        "5":0.6764377952,
        "6":0.6729696989,
        "7":0.671754539,
        "8":0.6691050529,
        "9":0.6687794328,
        "10":0.6664928794,
        "11":0.6648749113,
        "12":0.6641747952,
        "13":0.664816618,
        "14":0.6624570489,
        "15":0.6629670858,
        "16":0.6613199115,
        "17":0.6608243585,
        "18":0.6596002579,
        "19":0.6598441005,
        "20":0.6585978866,
        "21":0.6596421003,
        "22":0.6574590206,
        "23":0.6585101485,
        "24":0.6574075222,
        "25":0.6566681266,
        "26":0.6570079327,
        "27":0.6558479071,
        "28":0.6551186442,
        "29":0.6549765468,
        "30":0.6555115581,
        "31":0.6540027857,
        "32":0.6533461809,
        "33":0.6526524425,
        "34":0.6515905261,
        "35":0.652775228,
        "36":0.652680397,
        "37":0.6521856189,
        "38":0.6506070495,
        "39":0.6515754461,
        "40":0.6512443423,
        "41":0.6497296691,
        "42":0.6504437327,
        "43":0.6514651179,
        "44":0.6511608362,
        "45":0.6494158506,
        "46":0.6508565545,
        "47":0.6510336399,
        "48":0.6486957669,
        "49":0.6483374238,
        "50":0.6487893462,
        "51":0.6485281587,
        "52":0.6471655369,
        "53":0.6474739313,
        "54":0.647616446,
        "55":0.6474916935,
        "56":0.6465522647,
        "57":0.646617949,
        "58":0.6461091638,
        "59":0.6446502209
    },
    "accuracy":{
        "0":0.5157189965,
        "1":0.5327164531,
        "2":0.5467185974,
        "3":0.5556556582,
        "4":0.5609643459,
        "5":0.571995616,
        "6":0.5754778981,
        "7":0.5810544491,
        "8":0.5858273506,
        "9":0.5883598924,
        "10":0.59111166,
        "11":0.5915499926,
        "12":0.5957627892,
        "13":0.5943017006,
        "14":0.5977839828,
        "15":0.5983197093,
        "16":0.5999512672,
        "17":0.5998051763,
        "18":0.6046268344,
        "19":0.6016315818,
        "20":0.6032631397,
        "21":0.6016802788,
        "22":0.6041154265,
        "23":0.6026056409,
        "24":0.6088883281,
        "25":0.6078412533,
        "26":0.6058930755,
        "27":0.6087909341,
        "28":0.6103494167,
        "29":0.6094971299,
        "30":0.6081578135,
        "31":0.6101790071,
        "32":0.6131742597,
        "33":0.6148788333,
        "34":0.6148788333,
        "35":0.6139047742,
        "36":0.6142700315,
        "37":0.6164373755,
        "38":0.6165347695,
        "39":0.6148301363,
        "40":0.6156824827,
        "41":0.6178984642,
        "42":0.6168757081,
        "43":0.6195056438,
        "44":0.6149275303,
        "45":0.6166808605,
        "46":0.6169731021,
        "47":0.6154145598,
        "48":0.6173140407,
        "49":0.6209667325,
        "50":0.6190916896,
        "51":0.6211858988,
        "52":0.620431006,
        "53":0.6206258535,
        "54":0.6229636073,
        "55":0.6201631427,
        "56":0.6212102771,
        "57":0.6213807464,
        "58":0.6232070923,
        "59":0.6247169375
    }
}