{
    "loss":{
        "0":0.7176493406,
        "1":0.6931229234,
        "2":0.6864221096,
        "3":0.6830747128,
        "4":0.6797044873,
        "5":0.676586628,
        "6":0.6754741669,
        "7":0.6731967926,
        "8":0.6722399592,
        "9":0.6697592735,
        "10":0.66819942,
        "11":0.6677044034,
        "12":0.6670912504,
        "13":0.66574651,
        "14":0.6655542254,
        "15":0.6631734967,
        "16":0.6637486219,
        "17":0.662319243,
        "18":0.6631744504,
        "19":0.6623936296,
        "20":0.6623203158,
        "21":0.6606841087,
        "22":0.6603888273,
        "23":0.6595916748,
        "24":0.6601122022,
        "25":0.6595595479,
        "26":0.6584646702,
        "27":0.6583608389,
        "28":0.6573104858,
        "29":0.6578298211,
        "30":0.656660378,
        "31":0.6576145291,
        "32":0.6565784216,
        "33":0.6557760239,
        "34":0.6555678248,
        "35":0.6557633281,
        "36":0.6545578241,
        "37":0.6552398205,
        "38":0.655015111,
        "39":0.6537442803,
        "40":0.6538829207,
        "41":0.6537448764,
        "42":0.6534798145,
        "43":0.6537616253,
        "44":0.6534917951,
        "45":0.6526870728,
        "46":0.6519629955,
        "47":0.6524164081,
        "48":0.6513029933,
        "49":0.6512753367,
        "50":0.6524200439,
        "51":0.6501057744,
        "52":0.6511335373,
        "53":0.6495582461,
        "54":0.6489245892,
        "55":0.6495197415,
        "56":0.649285078,
        "57":0.6495089531,
        "58":0.6481430531,
        "59":0.6478325725
    },
    "accuracy":{
        "0":0.5226602554,
        "1":0.5402344465,
        "2":0.5481904745,
        "3":0.5566119552,
        "4":0.5635263324,
        "5":0.5674046278,
        "6":0.5719699264,
        "7":0.5790173411,
        "8":0.5807238221,
        "9":0.587483108,
        "10":0.5870841742,
        "11":0.586640954,
        "12":0.5900316834,
        "13":0.5926910639,
        "14":0.5925581455,
        "15":0.5957272053,
        "16":0.5952839851,
        "17":0.5994282365,
        "18":0.5971455574,
        "19":0.6002482176,
        "20":0.6024643779,
        "21":0.6008687615,
        "22":0.6034395099,
        "23":0.6055669785,
        "24":0.6045697331,
        "25":0.604259491,
        "26":0.6054340601,
        "27":0.6051237583,
        "28":0.6084258556,
        "29":0.6063205004,
        "30":0.6097112298,
        "31":0.6069853306,
        "32":0.6082928777,
        "33":0.6075615287,
        "34":0.610265255,
        "35":0.6090242267,
        "36":0.6106863618,
        "37":0.6099328399,
        "38":0.6120603681,
        "39":0.6121490002,
        "40":0.6138111353,
        "41":0.6110852361,
        "42":0.6107085347,
        "43":0.6126143932,
        "44":0.6133900881,
        "45":0.6162932515,
        "46":0.6160272956,
        "47":0.6167364717,
        "48":0.6182434559,
        "49":0.6158943176,
        "50":0.6163597107,
        "51":0.6179332137,
        "52":0.6181326509,
        "53":0.6173791885,
        "54":0.6195066571,
        "55":0.6206812263,
        "56":0.6197504401,
        "57":0.6192850471,
        "58":0.6199942231,
        "59":0.6202158332
    }
}