{
    "loss":{
        "0":0.7384231091,
        "1":0.7009824514,
        "2":0.68983078,
        "3":0.6810835004,
        "4":0.6765583754,
        "5":0.6738166809,
        "6":0.6707536578,
        "7":0.6664867997,
        "8":0.6650376916,
        "9":0.6620154977,
        "10":0.6607788205,
        "11":0.6605836749,
        "12":0.6581187248,
        "13":0.6562842727,
        "14":0.6557424664,
        "15":0.6551499963,
        "16":0.6546183228,
        "17":0.6522219181,
        "18":0.6535479426,
        "19":0.651928246,
        "20":0.6500735879,
        "21":0.6505276561,
        "22":0.6494570374,
        "23":0.6490188837,
        "24":0.6486163139,
        "25":0.6490751505,
        "26":0.6478295922,
        "27":0.6469447613,
        "28":0.6475363374,
        "29":0.6471239328,
        "30":0.6473823786,
        "31":0.6454019547,
        "32":0.6456843019,
        "33":0.6453760862,
        "34":0.6438555717,
        "35":0.6443578005,
        "36":0.6436908245,
        "37":0.6441105604,
        "38":0.6428214908,
        "39":0.6437183022,
        "40":0.642164886,
        "41":0.6420801282,
        "42":0.6416646838,
        "43":0.6412678361,
        "44":0.6403349638,
        "45":0.640942812,
        "46":0.6394944787,
        "47":0.6397944689,
        "48":0.639526546,
        "49":0.6383802891,
        "50":0.6393748522,
        "51":0.6385040283,
        "52":0.6381931901,
        "53":0.6377694011,
        "54":0.6374608278,
        "55":0.6381368041,
        "56":0.6365349889,
        "57":0.6365764737,
        "58":0.635817647,
        "59":0.6363494396
    },
    "accuracy":{
        "0":0.5276840925,
        "1":0.5494942665,
        "2":0.5572384596,
        "3":0.5674586296,
        "4":0.5713043809,
        "5":0.5781792998,
        "6":0.5792856216,
        "7":0.5904277563,
        "8":0.5891107321,
        "9":0.5925086737,
        "10":0.5980929136,
        "11":0.5942735076,
        "12":0.5978031754,
        "13":0.6032556891,
        "14":0.6018069983,
        "15":0.6028079391,
        "16":0.6040722728,
        "17":0.6073912382,
        "18":0.605389297,
        "19":0.6102096438,
        "20":0.6111579537,
        "21":0.612106204,
        "22":0.6126593351,
        "23":0.6090243459,
        "24":0.6148719788,
        "25":0.6119481325,
        "26":0.6145558953,
        "27":0.6173480153,
        "28":0.6142661572,
        "29":0.6146085858,
        "30":0.6160836816,
        "31":0.6183753014,
        "32":0.6155831814,
        "33":0.6186913848,
        "34":0.6196396351,
        "35":0.6187440753,
        "36":0.6204562187,
        "37":0.6225107908,
        "38":0.6199294329,
        "39":0.6193762422,
        "40":0.6216415763,
        "41":0.6231693029,
        "42":0.6198503971,
        "43":0.6199557185,
        "44":0.6230376363,
        "45":0.6233537197,
        "46":0.6231429577,
        "47":0.6253819466,
        "48":0.6236961484,
        "49":0.6261985302,
        "50":0.6237488389,
        "51":0.6231693029,
        "52":0.6242756248,
        "53":0.6243810058,
        "54":0.6269360185,
        "55":0.6241176128,
        "56":0.6268043518,
        "57":0.6262248158,
        "58":0.629780829,
        "59":0.6285691857
    },
    "val_loss":{
        "0":0.6722480059,
        "1":0.663276732,
        "2":0.6597566605,
        "3":0.6580005288,
        "4":0.6548662186,
        "5":0.6537682414,
        "6":0.6549296975,
        "7":0.6530570388,
        "8":0.6494985223,
        "9":0.6505640745,
        "10":0.6503908634,
        "11":0.6501194239,
        "12":0.6472937465,
        "13":0.648404181,
        "14":0.6474025249,
        "15":0.6462405324,
        "16":0.6458389759,
        "17":0.6461233497,
        "18":0.6449037194,
        "19":0.6441302299,
        "20":0.6448066831,
        "21":0.6444645524,
        "22":0.6455988288,
        "23":0.6434114575,
        "24":0.6437785625,
        "25":0.6422260404,
        "26":0.6426110268,
        "27":0.6427648664,
        "28":0.6431638598,
        "29":0.6408589482,
        "30":0.6426615119,
        "31":0.643142283,
        "32":0.6420974135,
        "33":0.6415912509,
        "34":0.6419427991,
        "35":0.6422477961,
        "36":0.6415280104,
        "37":0.641690433,
        "38":0.6417062283,
        "39":0.6428705454,
        "40":0.641246438,
        "41":0.6406202316,
        "42":0.6406618357,
        "43":0.6420159936,
        "44":0.643515408,
        "45":0.6422086954,
        "46":0.6431623697,
        "47":0.6414840221,
        "48":0.6417392492,
        "49":0.6415416598,
        "50":0.64416641,
        "51":0.6423578262,
        "52":0.6425393224,
        "53":0.6416492462,
        "54":0.6428035498,
        "55":0.6413701773,
        "56":0.641811192,
        "57":0.6435700059,
        "58":0.6443504691,
        "59":0.6414806843
    },
    "val_accuracy":{
        "0":0.5895490646,
        "1":0.6011378169,
        "2":0.6080909967,
        "3":0.6055625677,
        "4":0.6114622951,
        "5":0.6118836999,
        "6":0.6064053774,
        "7":0.6133586168,
        "8":0.6194690466,
        "9":0.6177833676,
        "10":0.6160977483,
        "11":0.6219974756,
        "12":0.6205225587,
        "13":0.6160977483,
        "14":0.615465641,
        "15":0.6175726652,
        "16":0.6226295829,
        "17":0.6219974756,
        "18":0.6224188805,
        "19":0.6211546659,
        "20":0.6283186078,
        "21":0.6226295829,
        "22":0.626211524,
        "23":0.622208178,
        "24":0.6247366071,
        "25":0.6190476418,
        "26":0.6247366071,
        "27":0.6234723926,
        "28":0.6209439635,
        "29":0.6226295829,
        "30":0.6209439635,
        "31":0.6209439635,
        "32":0.6238937974,
        "33":0.6217867732,
        "34":0.6230509877,
        "35":0.6211546659,
        "36":0.6238937974,
        "37":0.6270543337,
        "38":0.6230509877,
        "39":0.6203118563,
        "40":0.6230509877,
        "41":0.6194690466,
        "42":0.6260008216,
        "43":0.6203118563,
        "44":0.6207332611,
        "45":0.6245259047,
        "46":0.6167298555,
        "47":0.6209439635,
        "48":0.6243152022,
        "49":0.6226295829,
        "50":0.6251580119,
        "51":0.6230509877,
        "52":0.6190476418,
        "53":0.6234723926,
        "54":0.6249473095,
        "55":0.6257901192,
        "56":0.6219974756,
        "57":0.619679749,
        "58":0.6287400126,
        "59":0.6234723926
    }
}