{
    "loss":{
        "0":0.7594559789,
        "1":0.715910852,
        "2":0.7046738267,
        "3":0.6941320896,
        "4":0.6880919933,
        "5":0.6842070818,
        "6":0.6808726788,
        "7":0.6776835918,
        "8":0.6747034192,
        "9":0.6735212207,
        "10":0.6717361808,
        "11":0.6697911024,
        "12":0.6672763824,
        "13":0.6673510075,
        "14":0.6661956906,
        "15":0.6646106839,
        "16":0.6622834802,
        "17":0.6630982757,
        "18":0.6622716188,
        "19":0.662296474,
        "20":0.6605140567,
        "21":0.6594396234,
        "22":0.659329474,
        "23":0.6589160562,
        "24":0.6586124301,
        "25":0.6592823267,
        "26":0.658611536,
        "27":0.6571468711,
        "28":0.6568909287,
        "29":0.6577084064,
        "30":0.6563745737,
        "31":0.6560513973,
        "32":0.6561850905,
        "33":0.6558405161,
        "34":0.6548732519,
        "35":0.6551526189,
        "36":0.6546485424,
        "37":0.6534285545,
        "38":0.6546267867,
        "39":0.653437078,
        "40":0.65346241,
        "41":0.6528120041,
        "42":0.6525568366,
        "43":0.6524917483,
        "44":0.6539180875,
        "45":0.651332438,
        "46":0.6517819166,
        "47":0.6523923874,
        "48":0.650485754,
        "49":0.6512982249,
        "50":0.6510991454,
        "51":0.6509341002,
        "52":0.6503424644,
        "53":0.649337709,
        "54":0.6490311027,
        "55":0.6493299007,
        "56":0.6478000283,
        "57":0.6482204199,
        "58":0.6482560635,
        "59":0.6480668783
    },
    "accuracy":{
        "0":0.519818902,
        "1":0.5345566869,
        "2":0.5384578109,
        "3":0.5467658639,
        "4":0.5537253618,
        "5":0.560444057,
        "6":0.5635746121,
        "7":0.5709435344,
        "8":0.5753985643,
        "9":0.5723643303,
        "10":0.5753263235,
        "11":0.5809131861,
        "12":0.5839955807,
        "13":0.5861147046,
        "14":0.5867408514,
        "15":0.5874150991,
        "16":0.5908587575,
        "17":0.5882820487,
        "18":0.5911477208,
        "19":0.5919182897,
        "20":0.5941578746,
        "21":0.5947358012,
        "22":0.5958194733,
        "23":0.5966864228,
        "24":0.599648416,
        "25":0.5967345834,
        "26":0.5970957875,
        "27":0.5988777876,
        "28":0.6024900079,
        "29":0.6017193794,
        "30":0.6022251248,
        "31":0.6011173725,
        "32":0.6010210514,
        "33":0.6017193794,
        "34":0.6051630378,
        "35":0.6029475331,
        "36":0.6008043289,
        "37":0.6026104093,
        "38":0.6031883359,
        "39":0.6050667167,
        "40":0.6052352786,
        "41":0.6074748635,
        "42":0.605789125,
        "43":0.6075230241,
        "44":0.6026585698,
        "45":0.6093050241,
        "46":0.6055964828,
        "47":0.6068968773,
        "48":0.6105331779,
        "49":0.6060781479,
        "50":0.608389914,
        "51":0.6094735861,
        "52":0.6101478338,
        "53":0.6128208637,
        "54":0.612146616,
        "55":0.6107980609,
        "56":0.6115204692,
        "57":0.6128208637,
        "58":0.6141453385,
        "59":0.6108462214
    },
    "val_loss":{
        "0":0.6841856241,
        "1":0.6756341457,
        "2":0.6725986004,
        "3":0.6707777977,
        "4":0.6697476506,
        "5":0.6676960588,
        "6":0.6674166322,
        "7":0.6646119952,
        "8":0.666161418,
        "9":0.6635864973,
        "10":0.6632626057,
        "11":0.663433671,
        "12":0.6609319448,
        "13":0.6623893976,
        "14":0.6609064937,
        "15":0.6593450308,
        "16":0.6603559256,
        "17":0.6611146331,
        "18":0.6619256735,
        "19":0.6604328156,
        "20":0.6595944762,
        "21":0.6604804993,
        "22":0.6611235738,
        "23":0.6612684727,
        "24":0.6595565677,
        "25":0.658008039,
        "26":0.6575189233,
        "27":0.6580001116,
        "28":0.6581017971,
        "29":0.6583150625,
        "30":0.659270525,
        "31":0.6585733294,
        "32":0.6597198248,
        "33":0.6584379077,
        "34":0.6588960886,
        "35":0.6604137421,
        "36":0.6584033966,
        "37":0.6598370075,
        "38":0.6580156088,
        "39":0.6581808925,
        "40":0.657653749,
        "41":0.6589587927,
        "42":0.6576669216,
        "43":0.6582875848,
        "44":0.6596542597,
        "45":0.6583733559,
        "46":0.6575887799,
        "47":0.6577836275,
        "48":0.657240212,
        "49":0.6585207582,
        "50":0.6582970619,
        "51":0.6585766673,
        "52":0.6590762734,
        "53":0.6587924361,
        "54":0.6589595079,
        "55":0.6579673886,
        "56":0.6599825025,
        "57":0.6584931016,
        "58":0.6589525938,
        "59":0.6585096121
    },
    "val_accuracy":{
        "0":0.5511462092,
        "1":0.5667501688,
        "2":0.5688691735,
        "3":0.5731073022,
        "4":0.5719514489,
        "5":0.5819687843,
        "6":0.5810055733,
        "7":0.5885186195,
        "8":0.5792717934,
        "9":0.5881333351,
        "10":0.5935272574,
        "11":0.5867848396,
        "12":0.595838964,
        "13":0.5917934775,
        "14":0.5977653861,
        "15":0.6002696753,
        "16":0.5969948173,
        "17":0.5971874595,
        "18":0.5996917486,
        "19":0.5954536796,
        "20":0.6012328863,
        "21":0.5973801017,
        "22":0.5977653861,
        "23":0.5956463218,
        "24":0.6006549597,
        "25":0.5987285972,
        "26":0.5977653861,
        "27":0.5994991064,
        "28":0.6021960974,
        "29":0.5954536796,
        "30":0.5975727439,
        "31":0.5987285972,
        "32":0.5946831107,
        "33":0.5993064642,
        "34":0.5983433127,
        "35":0.5917934775,
        "36":0.5960316062,
        "37":0.5939125419,
        "38":0.6004623175,
        "39":0.5960316062,
        "40":0.5977653861,
        "41":0.5960316062,
        "42":0.5941051841,
        "43":0.5983433127,
        "44":0.5987285972,
        "45":0.5981506705,
        "46":0.6023887396,
        "47":0.5973801017,
        "48":0.6047004461,
        "49":0.6043151617,
        "50":0.6008476019,
        "51":0.6048930883,
        "52":0.5975727439,
        "53":0.5977653861,
        "54":0.6010402441,
        "55":0.602774024,
        "56":0.5942978263,
        "57":0.600077033,
        "58":0.5975727439,
        "59":0.5987285972
    }
}