{
    "loss":{
        "0":0.7394017577,
        "1":0.7067470551,
        "2":0.6958283186,
        "3":0.688365221,
        "4":0.6848540902,
        "5":0.6779946685,
        "6":0.6769784689,
        "7":0.673424542,
        "8":0.6718873978,
        "9":0.6711192131,
        "10":0.6680560112,
        "11":0.6679793,
        "12":0.6679415107,
        "13":0.6658099294,
        "14":0.6648567915,
        "15":0.6629812121,
        "16":0.6618372202,
        "17":0.6614441276,
        "18":0.6609532833,
        "19":0.6602238417,
        "20":0.6596761346,
        "21":0.6598905325,
        "22":0.6574175954,
        "23":0.6583877206,
        "24":0.6584661007,
        "25":0.6582372189,
        "26":0.6556563973,
        "27":0.6562577486,
        "28":0.6550397873,
        "29":0.655585289,
        "30":0.6558765173,
        "31":0.6549619436,
        "32":0.6540549994,
        "33":0.6539821029,
        "34":0.6539362669,
        "35":0.6525947452,
        "36":0.6525835991,
        "37":0.6512476802,
        "38":0.6524352431,
        "39":0.6529064775,
        "40":0.6522622108,
        "41":0.6514565945,
        "42":0.6509506702,
        "43":0.6518655419,
        "44":0.650752902,
        "45":0.6510534286,
        "46":0.6496070623,
        "47":0.6499616504,
        "48":0.6502649188,
        "49":0.6485738754,
        "50":0.6487085819,
        "51":0.6478527784,
        "52":0.6482425928,
        "53":0.6475341916,
        "54":0.6469526887,
        "55":0.646017909,
        "56":0.6466816664,
        "57":0.6461562514,
        "58":0.6460092664,
        "59":0.6454589367
    },
    "accuracy":{
        "0":0.5198467374,
        "1":0.534815073,
        "2":0.5447384715,
        "3":0.5520917773,
        "4":0.5589691401,
        "5":0.5660606623,
        "6":0.5690352917,
        "7":0.5774356127,
        "8":0.581338346,
        "9":0.5797677636,
        "10":0.5859311819,
        "11":0.5856931806,
        "12":0.5835514665,
        "13":0.5870972276,
        "14":0.5896673203,
        "15":0.5946171284,
        "16":0.5950692296,
        "17":0.5989957452,
        "18":0.5932130814,
        "19":0.5987815857,
        "20":0.5992337465,
        "21":0.5982818604,
        "22":0.5987815857,
        "23":0.6013516784,
        "24":0.601280272,
        "25":0.6000190377,
        "26":0.6016848087,
        "27":0.6052544117,
        "28":0.6049212217,
        "29":0.6027081013,
        "30":0.6062062979,
        "31":0.6053257585,
        "32":0.6051592231,
        "33":0.607419908,
        "34":0.6054447889,
        "35":0.6082290411,
        "36":0.6084907651,
        "37":0.6112750173,
        "38":0.6074913144,
        "39":0.6086097956,
        "40":0.609252274,
        "41":0.6115605831,
        "42":0.6101565957,
        "43":0.6101328135,
        "44":0.6136071682,
        "45":0.6113226414,
        "46":0.6137023568,
        "47":0.6123220921,
        "48":0.6131787896,
        "49":0.6148446202,
        "50":0.6147969961,
        "51":0.6133453846,
        "52":0.6141068935,
        "53":0.6162248254,
        "54":0.6152253747,
        "55":0.6157726645,
        "56":0.6157488823,
        "57":0.6160106659,
        "58":0.6177478433,
        "59":0.6185807586
    },
    "val_loss":{
        "0":0.6797298193,
        "1":0.6749618649,
        "2":0.671813786,
        "3":0.6706439853,
        "4":0.6665505171,
        "5":0.6657998562,
        "6":0.6643365026,
        "7":0.6619887948,
        "8":0.6636658907,
        "9":0.6594670415,
        "10":0.6609873176,
        "11":0.6597533822,
        "12":0.6589431763,
        "13":0.6592985392,
        "14":0.6586077213,
        "15":0.6583611369,
        "16":0.6560664177,
        "17":0.657055676,
        "18":0.6568247676,
        "19":0.6554915309,
        "20":0.6559491158,
        "21":0.6556619406,
        "22":0.6555526853,
        "23":0.6563591957,
        "24":0.656876862,
        "25":0.6538248658,
        "26":0.654987812,
        "27":0.6554977894,
        "28":0.6545385718,
        "29":0.6558085084,
        "30":0.6558877826,
        "31":0.6561202407,
        "32":0.6548665762,
        "33":0.652612865,
        "34":0.6557839513,
        "35":0.653897047,
        "36":0.6534731388,
        "37":0.6534029245,
        "38":0.6545401812,
        "39":0.656876266,
        "40":0.6544930935,
        "41":0.6548290849,
        "42":0.6547302604,
        "43":0.6540580392,
        "44":0.653403163,
        "45":0.6544613838,
        "46":0.653405726,
        "47":0.6525301933,
        "48":0.6534919739,
        "49":0.6531466842,
        "50":0.6557171941,
        "51":0.6533336639,
        "52":0.6552941203,
        "53":0.6531760693,
        "54":0.6535542607,
        "55":0.6543708444,
        "56":0.6527137756,
        "57":0.6554203033,
        "58":0.6540010571,
        "59":0.6552382708
    },
    "val_accuracy":{
        "0":0.5551113486,
        "1":0.5813820958,
        "2":0.587664187,
        "3":0.5909004211,
        "4":0.5948981643,
        "5":0.5914715528,
        "6":0.5987055302,
        "7":0.5979440212,
        "8":0.5939463377,
        "9":0.6009899378,
        "10":0.5992766023,
        "11":0.6009899378,
        "12":0.6015610099,
        "13":0.6032743454,
        "14":0.5994669795,
        "15":0.6030839682,
        "16":0.6002284288,
        "17":0.6025128365,
        "18":0.6030839682,
        "19":0.6036550403,
        "20":0.6078431606,
        "21":0.6051779985,
        "22":0.6053683758,
        "23":0.603464663,
        "24":0.6032743454,
        "25":0.6080334783,
        "26":0.6051779985,
        "27":0.6028935909,
        "28":0.6057490706,
        "29":0.6023224592,
        "30":0.6013706326,
        "31":0.6047972441,
        "32":0.6025128365,
        "33":0.6038454175,
        "34":0.6025128365,
        "35":0.6021321416,
        "36":0.6040357947,
        "37":0.6044165492,
        "38":0.6089853644,
        "39":0.5988958478,
        "40":0.5992766023,
        "41":0.5988958478,
        "42":0.6070816517,
        "43":0.6017513871,
        "44":0.6061298251,
        "45":0.6038454175,
        "46":0.6046068668,
        "47":0.6002284288,
        "48":0.6032743454,
        "49":0.6038454175,
        "50":0.5985151529,
        "51":0.6011802554,
        "52":0.6025128365,
        "53":0.6009899378,
        "54":0.6051779985,
        "55":0.6017513871,
        "56":0.6076527834,
        "57":0.6015610099,
        "58":0.6047972441,
        "59":0.6051779985
    }
}