{
    "loss":{
        "0":0.7206647992,
        "1":0.6979611516,
        "2":0.6889275312,
        "3":0.6855278015,
        "4":0.6826235652,
        "5":0.6800801754,
        "6":0.6779817343,
        "7":0.6743693352,
        "8":0.6730391383,
        "9":0.6698176861,
        "10":0.6696201563,
        "11":0.6680630445,
        "12":0.6669833064,
        "13":0.6651086211,
        "14":0.6652379632,
        "15":0.664460063,
        "16":0.662984848,
        "17":0.6635428667,
        "18":0.6628167033,
        "19":0.6619928479,
        "20":0.6613511443,
        "21":0.6602873802,
        "22":0.6606965065,
        "23":0.6608992815,
        "24":0.6600623727,
        "25":0.6601938605,
        "26":0.6587755084,
        "27":0.6584880948,
        "28":0.6578204036,
        "29":0.6583415866,
        "30":0.6569287181,
        "31":0.6566302776,
        "32":0.6572569609,
        "33":0.6570445895,
        "34":0.6551219821,
        "35":0.6564617753,
        "36":0.6554896832,
        "37":0.6553416848,
        "38":0.6540958285,
        "39":0.6554476619,
        "40":0.6538814306,
        "41":0.6547186375,
        "42":0.6530284286,
        "43":0.6528168917,
        "44":0.653136611,
        "45":0.6528279185,
        "46":0.65295434,
        "47":0.6522628069,
        "48":0.6517857313,
        "49":0.6520189047,
        "50":0.6503298283,
        "51":0.6514077783,
        "52":0.6509444118,
        "53":0.6508247852,
        "54":0.6514707208,
        "55":0.650483191,
        "56":0.6501285434,
        "57":0.6505643129,
        "58":0.6496419907,
        "59":0.6493963599
    },
    "accuracy":{
        "0":0.5196563601,
        "1":0.5318642855,
        "2":0.5456903577,
        "3":0.5514016747,
        "4":0.5548046231,
        "5":0.5611822605,
        "6":0.5686069131,
        "7":0.5727000237,
        "8":0.5745323896,
        "9":0.5804102421,
        "10":0.5785064697,
        "11":0.5802198648,
        "12":0.581766665,
        "13":0.5879539251,
        "14":0.5862643123,
        "15":0.588239491,
        "16":0.591642499,
        "17":0.5929275155,
        "18":0.5955927968,
        "19":0.5948312879,
        "20":0.5954262018,
        "21":0.5968778133,
        "22":0.5966160297,
        "23":0.5965684652,
        "24":0.5998048782,
        "25":0.599019587,
        "26":0.5961639285,
        "27":0.5970681906,
        "28":0.6020417809,
        "29":0.5999476314,
        "30":0.6022083759,
        "31":0.6015658379,
        "32":0.6004473567,
        "33":0.6013754606,
        "34":0.6051353812,
        "35":0.5996859074,
        "36":0.6031602621,
        "37":0.6023749709,
        "38":0.6038027406,
        "39":0.6029461026,
        "40":0.6044452786,
        "41":0.602850914,
        "42":0.6073247194,
        "43":0.6049212217,
        "44":0.6059445143,
        "45":0.6060397029,
        "46":0.6063728333,
        "47":0.6068726182,
        "48":0.6079910398,
        "49":0.6077768803,
        "50":0.6070629954,
        "51":0.6074675322,
        "52":0.6073723435,
        "53":0.6100614071,
        "54":0.6109418869,
        "55":0.6097758412,
        "56":0.6086335778,
        "57":0.6072057486,
        "58":0.6102041602,
        "59":0.6112274528
    }
}