{
    "loss":{
        "0":0.7160730362,
        "1":0.691381216,
        "2":0.6869302392,
        "3":0.6836283207,
        "4":0.6795071363,
        "5":0.6776974797,
        "6":0.6747089624,
        "7":0.6738929749,
        "8":0.6696917415,
        "9":0.6690233946,
        "10":0.6673483253,
        "11":0.6663188338,
        "12":0.6650107503,
        "13":0.6636121869,
        "14":0.6639716029,
        "15":0.6616385579,
        "16":0.6602385044,
        "17":0.659489572,
        "18":0.6592321992,
        "19":0.6594538689,
        "20":0.6575257182,
        "21":0.6579230428,
        "22":0.6565312147,
        "23":0.6572821736,
        "24":0.6552150846,
        "25":0.6560066342,
        "26":0.6554477215,
        "27":0.6551535726,
        "28":0.654253304,
        "29":0.6541616917,
        "30":0.6548294425,
        "31":0.6537853479,
        "32":0.6531424522,
        "33":0.653433919,
        "34":0.6540720463,
        "35":0.652568996,
        "36":0.6528272629,
        "37":0.6515365839,
        "38":0.6528525949,
        "39":0.6518139839,
        "40":0.6516569853,
        "41":0.6513732076,
        "42":0.6505587697,
        "43":0.6496059895,
        "44":0.6499800086,
        "45":0.6499948502,
        "46":0.6488495469,
        "47":0.6487644315,
        "48":0.6492060423,
        "49":0.6480681896,
        "50":0.6486986876,
        "51":0.6477007866,
        "52":0.6472367644,
        "53":0.6480299234,
        "54":0.6465005279,
        "55":0.6470883489,
        "56":0.645754993,
        "57":0.6453153491,
        "58":0.6464365721,
        "59":0.6451883912
    },
    "accuracy":{
        "0":0.5243681669,
        "1":0.5408357382,
        "2":0.5494027138,
        "3":0.5508781075,
        "4":0.559230864,
        "5":0.5680834055,
        "6":0.5746513605,
        "7":0.573199749,
        "8":0.5798153281,
        "9":0.5844557881,
        "10":0.586835444,
        "11":0.59088099,
        "12":0.5922136307,
        "13":0.593736589,
        "14":0.5937128067,
        "15":0.5967112184,
        "16":0.5981866717,
        "17":0.6012088656,
        "18":0.6003997922,
        "19":0.6030412912,
        "20":0.6031840444,
        "21":0.6039455533,
        "22":0.6055399776,
        "23":0.6041597128,
        "24":0.606515646,
        "25":0.6050640345,
        "26":0.6079434752,
        "27":0.6072533727,
        "28":0.6073247194,
        "29":0.6093950868,
        "30":0.6057303548,
        "31":0.6074675322,
        "32":0.6090857387,
        "33":0.610989511,
        "34":0.6092047095,
        "35":0.6107039452,
        "36":0.6113702059,
        "37":0.6098710299,
        "38":0.6119413376,
        "39":0.6095378399,
        "40":0.6146304607,
        "41":0.6143448949,
        "42":0.6151777506,
        "43":0.6155109406,
        "44":0.6153443456,
        "45":0.6156774759,
        "46":0.6155585051,
        "47":0.6160820723,
        "48":0.6155585051,
        "49":0.6166055799,
        "50":0.6169625521,
        "51":0.6162486076,
        "52":0.6161058545,
        "53":0.6182237864,
        "54":0.6208890676,
        "55":0.6184617877,
        "56":0.6185093522,
        "57":0.620151341,
        "58":0.6198182106,
        "59":0.6197468042
    }
}