{
    "loss":{
        "0":0.7113451362,
        "1":0.6924090981,
        "2":0.6839401126,
        "3":0.6798394918,
        "4":0.6747086644,
        "5":0.670279026,
        "6":0.668528676,
        "7":0.6654611826,
        "8":0.6647974849,
        "9":0.6636552811,
        "10":0.6609536409,
        "11":0.659260571,
        "12":0.6603081226,
        "13":0.657274127,
        "14":0.6572538018,
        "15":0.6570674181,
        "16":0.6557112932,
        "17":0.6545398831,
        "18":0.6532648802,
        "19":0.6536098719,
        "20":0.6520914435,
        "21":0.651435554,
        "22":0.6505470872,
        "23":0.651914835,
        "24":0.6496232152,
        "25":0.6502380967,
        "26":0.6491734385,
        "27":0.6483975053,
        "28":0.6477194428,
        "29":0.6478097439,
        "30":0.6471517682,
        "31":0.6467201114,
        "32":0.6460946798,
        "33":0.646958828,
        "34":0.6460152864,
        "35":0.6458105445,
        "36":0.6457716227,
        "37":0.6455786824,
        "38":0.6450774074,
        "39":0.6458304524,
        "40":0.6461256742,
        "41":0.6456760168,
        "42":0.6447520852,
        "43":0.6427502632,
        "44":0.6447396874,
        "45":0.6444084644,
        "46":0.6427571774,
        "47":0.6434067488,
        "48":0.6420710087,
        "49":0.6441896558,
        "50":0.6418445706,
        "51":0.6429351568,
        "52":0.6423708797,
        "53":0.6424165368,
        "54":0.6416735053,
        "55":0.6413841844,
        "56":0.6408404708,
        "57":0.6401680112,
        "58":0.6402211785,
        "59":0.6397322416
    },
    "accuracy":{
        "0":0.5270255804,
        "1":0.5435149074,
        "2":0.5557633638,
        "3":0.5634021759,
        "4":0.5719365478,
        "5":0.5791012645,
        "6":0.5831050277,
        "7":0.5909019113,
        "8":0.5901643634,
        "9":0.5915604234,
        "10":0.5930091739,
        "11":0.597855866,
        "12":0.5992255807,
        "13":0.598883152,
        "14":0.6026235223,
        "15":0.603071332,
        "16":0.6070488095,
        "17":0.6079707146,
        "18":0.6098672152,
        "19":0.6067326665,
        "20":0.6095247865,
        "21":0.6119481325,
        "22":0.610973537,
        "23":0.6094458103,
        "24":0.6131861806,
        "25":0.6153197885,
        "26":0.6140027642,
        "27":0.6132125258,
        "28":0.6141344309,
        "29":0.6144241691,
        "30":0.615372479,
        "31":0.617585063,
        "32":0.6164524555,
        "33":0.6219049692,
        "34":0.6187704206,
        "35":0.619086504,
        "36":0.6188758016,
        "37":0.6201664805,
        "38":0.6196923256,
        "39":0.6197977066,
        "40":0.6174533963,
        "41":0.6177167892,
        "42":0.6207196116,
        "43":0.6234853864,
        "44":0.6216942072,
        "45":0.624407351,
        "46":0.6223264337,
        "47":0.6249868274,
        "48":0.6251185536,
        "49":0.6210356951,
        "50":0.6236961484,
        "51":0.6202718616,
        "52":0.6230376363,
        "53":0.6235644221,
        "54":0.6257507205,
        "55":0.6238278151,
        "56":0.6253029108,
        "57":0.6260404587,
        "58":0.6240912676,
        "59":0.6290959716
    }
}