{
    "loss":{
        "0":0.7255728245,
        "1":0.6985238194,
        "2":0.6923743486,
        "3":0.6886588931,
        "4":0.6836990714,
        "5":0.6807240248,
        "6":0.6792517304,
        "7":0.6754232049,
        "8":0.6747316718,
        "9":0.6716665626,
        "10":0.6715049148,
        "11":0.6703246832,
        "12":0.6686708927,
        "13":0.6681758165,
        "14":0.6669835448,
        "15":0.6660003066,
        "16":0.6646987796,
        "17":0.6644625068,
        "18":0.6640236974,
        "19":0.6631134152,
        "20":0.6624993086,
        "21":0.6615473032,
        "22":0.6612244248,
        "23":0.6610649228,
        "24":0.6609868407,
        "25":0.65957582,
        "26":0.65904814,
        "27":0.6596882343,
        "28":0.659149766,
        "29":0.6578302979,
        "30":0.658010304,
        "31":0.6579663157,
        "32":0.6569713354,
        "33":0.6580272317,
        "34":0.6569107771,
        "35":0.657389164,
        "36":0.6561793089,
        "37":0.6562742591,
        "38":0.6555733681,
        "39":0.6557250619,
        "40":0.6548730135,
        "41":0.6548718214,
        "42":0.6543210149,
        "43":0.654294312,
        "44":0.6543931961,
        "45":0.6538336873,
        "46":0.6538134217,
        "47":0.653445065,
        "48":0.6534790397,
        "49":0.6523740888,
        "50":0.6526287794,
        "51":0.652623713,
        "52":0.651505053,
        "53":0.651625216,
        "54":0.6496160626,
        "55":0.6506064534,
        "56":0.6507834792,
        "57":0.6498323083,
        "58":0.6506223679,
        "59":0.6490675211
    },
    "accuracy":{
        "0":0.5169532299,
        "1":0.5281028748,
        "2":0.5365313292,
        "3":0.5420700312,
        "4":0.5548331141,
        "5":0.5617203712,
        "6":0.5641766787,
        "7":0.572508812,
        "8":0.5734961033,
        "9":0.5777344108,
        "10":0.5794923902,
        "11":0.5795887113,
        "12":0.5825266242,
        "13":0.5830804706,
        "14":0.5853922963,
        "15":0.5891007781,
        "16":0.5920628309,
        "17":0.5887154937,
        "18":0.5898954868,
        "19":0.5910995603,
        "20":0.5917015672,
        "21":0.5935317874,
        "22":0.5987092257,
        "23":0.5945913196,
        "24":0.5940133929,
        "25":0.5975292325,
        "26":0.5994798541,
        "27":0.5972884297,
        "28":0.59911865,
        "29":0.6021047235,
        "30":0.599648416,
        "31":0.5990704894,
        "32":0.6034532785,
        "33":0.6009247303,
        "34":0.6025140882,
        "35":0.6017193794,
        "36":0.6009969711,
        "37":0.6048259139,
        "38":0.6059095263,
        "39":0.6026104093,
        "40":0.6040793657,
        "41":0.6044887304,
        "42":0.6041275263,
        "43":0.6075711846,
        "44":0.6061263084,
        "45":0.6048259139,
        "46":0.6055964828,
        "47":0.6068487167,
        "48":0.6088715792,
        "49":0.6096662283,
        "50":0.6088715792,
        "51":0.6093291044,
        "52":0.6094495058,
        "53":0.6103886962,
        "54":0.6091123819,
        "55":0.6120984554,
        "56":0.61159271,
        "57":0.6100996733,
        "58":0.6112315059,
        "59":0.6130858064
    }
}