{
    "loss":{
        "0":0.7227705717,
        "1":0.694347918,
        "2":0.6863055825,
        "3":0.6823221445,
        "4":0.6771085262,
        "5":0.6724161506,
        "6":0.6709040999,
        "7":0.6699159741,
        "8":0.6672208905,
        "9":0.665679872,
        "10":0.6651895642,
        "11":0.664228797,
        "12":0.6625580788,
        "13":0.6618907452,
        "14":0.6597696543,
        "15":0.6598463058,
        "16":0.6582924128,
        "17":0.6578230262,
        "18":0.6574985385,
        "19":0.6578302383,
        "20":0.6568389535,
        "21":0.6553980708,
        "22":0.6553536654,
        "23":0.6550690532,
        "24":0.6550012827,
        "25":0.6540741324,
        "26":0.6527078748,
        "27":0.6511848569,
        "28":0.6513225436,
        "29":0.6518895626,
        "30":0.6525217295,
        "31":0.6502801776,
        "32":0.6506432295,
        "33":0.6497818828,
        "34":0.6496477127,
        "35":0.6496311426,
        "36":0.6506691575,
        "37":0.6476234198,
        "38":0.6485697031,
        "39":0.6477155685,
        "40":0.6477280259,
        "41":0.6471353173,
        "42":0.6464939117,
        "43":0.6468863487,
        "44":0.6468988061,
        "45":0.6465539932,
        "46":0.646520257,
        "47":0.6471407413,
        "48":0.6459680796,
        "49":0.6474643946,
        "50":0.6451535821,
        "51":0.6438976526,
        "52":0.6441102624,
        "53":0.6457204819,
        "54":0.6433429122,
        "55":0.6437712908,
        "56":0.6425001621,
        "57":0.6427534819,
        "58":0.6423336267,
        "59":0.6431889534
    },
    "accuracy":{
        "0":0.5227847695,
        "1":0.5425403118,
        "2":0.5505742431,
        "3":0.5567643046,
        "4":0.5656148195,
        "5":0.5741491914,
        "6":0.5750184655,
        "7":0.5782583356,
        "8":0.5822358131,
        "9":0.5874249339,
        "10":0.5861342549,
        "11":0.5912970304,
        "12":0.5891897678,
        "13":0.5909019113,
        "14":0.5932198763,
        "15":0.5948003531,
        "16":0.5949056745,
        "17":0.5968549252,
        "18":0.5984089971,
        "19":0.6020440459,
        "20":0.5990148783,
        "21":0.601201117,
        "22":0.6042566895,
        "23":0.6021757722,
        "24":0.6015435457,
        "25":0.6038615704,
        "26":0.6075492501,
        "27":0.610973537,
        "28":0.6108945608,
        "29":0.606996119,
        "30":0.6074175239,
        "31":0.6132125258,
        "32":0.6109471917,
        "33":0.6126593351,
        "34":0.6112369895,
        "35":0.6130807996,
        "36":0.6123432517,
        "37":0.6147139668,
        "38":0.6121852398,
        "39":0.6137393117,
        "40":0.6131861806,
        "41":0.615003705,
        "42":0.6142661572,
        "43":0.6165577769,
        "44":0.6155041456,
        "45":0.6155304909,
        "46":0.6174007058,
        "47":0.6119218469,
        "48":0.6162680387,
        "49":0.6147139668,
        "50":0.6154514551,
        "51":0.6192972064,
        "52":0.6183753014,
        "53":0.6177431345,
        "54":0.62011379,
        "55":0.6212464571,
        "56":0.6220103502,
        "57":0.6197713614,
        "58":0.6198240519,
        "59":0.6196659803
    }
}