{
    "loss":{
        "0":0.7208003998,
        "1":0.6973315477,
        "2":0.6884174347,
        "3":0.6849435568,
        "4":0.6837967634,
        "5":0.6789212823,
        "6":0.6759340167,
        "7":0.6746438742,
        "8":0.6732590795,
        "9":0.6704058647,
        "10":0.6698188782,
        "11":0.6673763394,
        "12":0.6667029858,
        "13":0.6667209268,
        "14":0.6655967236,
        "15":0.6650351286,
        "16":0.6641404629,
        "17":0.6641011834,
        "18":0.6624993086,
        "19":0.6625717282,
        "20":0.6612995863,
        "21":0.6617841125,
        "22":0.6608530879,
        "23":0.6609572172,
        "24":0.6608175039,
        "25":0.6602979898,
        "26":0.6592392325,
        "27":0.6593449712,
        "28":0.6589597464,
        "29":0.6579125524,
        "30":0.658596158,
        "31":0.6582191586,
        "32":0.6578377485,
        "33":0.6576112509,
        "34":0.6572018266,
        "35":0.6561505198,
        "36":0.6560700536,
        "37":0.6554114819,
        "38":0.6566682458,
        "39":0.655092895,
        "40":0.6564461589,
        "41":0.6554242373,
        "42":0.6533578634,
        "43":0.6533638835,
        "44":0.6546282768,
        "45":0.6542071104,
        "46":0.6533650756,
        "47":0.6521247029,
        "48":0.6534245014,
        "49":0.6533585191,
        "50":0.6527277827,
        "51":0.6524140835,
        "52":0.6524264216,
        "53":0.6526994109,
        "54":0.6523402333,
        "55":0.651722908,
        "56":0.6506614089,
        "57":0.6500180364,
        "58":0.6503124833,
        "59":0.6508741975
    },
    "accuracy":{
        "0":0.5222752094,
        "1":0.5311130285,
        "2":0.5422626734,
        "3":0.5447912216,
        "4":0.5540143251,
        "5":0.5609015822,
        "6":0.5666570067,
        "7":0.5696913004,
        "8":0.5727496147,
        "9":0.5786736012,
        "10":0.5784568787,
        "11":0.5822617412,
        "12":0.5848383904,
        "13":0.5841159821,
        "14":0.5858739018,
        "15":0.5898473263,
        "16":0.5858257413,
        "17":0.5897028446,
        "18":0.5913644433,
        "19":0.5920869112,
        "20":0.5948562622,
        "21":0.5916052461,
        "22":0.5975292325,
        "23":0.5965660214,
        "24":0.5950007439,
        "25":0.5958194733,
        "26":0.5983721018,
        "27":0.5977700949,
        "28":0.598299861,
        "29":0.5990704894,
        "30":0.5986851454,
        "31":0.5994798541,
        "32":0.6006839275,
        "33":0.60090065,
        "34":0.5994316936,
        "35":0.6015026569,
        "36":0.6053075194,
        "37":0.6031642556,
        "38":0.6033087969,
        "39":0.6051389575,
        "40":0.6033328772,
        "41":0.603838563,
        "42":0.6059095263,
        "43":0.606607914,
        "44":0.6077156663,
        "45":0.6071617603,
        "46":0.610075593,
        "47":0.6048018336,
        "48":0.6077397466,
        "49":0.6067283154,
        "50":0.6069450378,
        "51":0.6087992787,
        "52":0.6081491113,
        "53":0.6097384691,
        "54":0.6100996733,
        "55":0.6086307168,
        "56":0.611159265,
        "57":0.6113519073,
        "58":0.6102682948,
        "59":0.6116650105
    }
}