{
    "loss":{
        "0":0.727214098,
        "1":0.6955419183,
        "2":0.6903364658,
        "3":0.6843265891,
        "4":0.6825858951,
        "5":0.6791991591,
        "6":0.6769282818,
        "7":0.6754398942,
        "8":0.673146069,
        "9":0.6718081832,
        "10":0.6709576845,
        "11":0.6704402566,
        "12":0.6694384217,
        "13":0.6683666706,
        "14":0.6676544547,
        "15":0.6676089168,
        "16":0.6670053601,
        "17":0.6664581299,
        "18":0.6648693681,
        "19":0.6649017334,
        "20":0.665091753,
        "21":0.664567709,
        "22":0.6636043787,
        "23":0.6640155911,
        "24":0.6640051603,
        "25":0.6628121734,
        "26":0.6621714234,
        "27":0.6619082093,
        "28":0.6617263556,
        "29":0.6615296006,
        "30":0.6613516212,
        "31":0.6609115005,
        "32":0.6602879167,
        "33":0.6595278382,
        "34":0.6609564424,
        "35":0.6596060395,
        "36":0.6596624851,
        "37":0.6594740748,
        "38":0.6595976353,
        "39":0.6579617262,
        "40":0.6574836969,
        "41":0.6581401229,
        "42":0.6579707861,
        "43":0.6577979922,
        "44":0.658474803,
        "45":0.6574440598,
        "46":0.656984508,
        "47":0.6576216817,
        "48":0.6570065022,
        "49":0.6565970182,
        "50":0.6554853916,
        "51":0.6555901766,
        "52":0.6552920341,
        "53":0.6565582156,
        "54":0.6544887424,
        "55":0.6541691422,
        "56":0.6548092961,
        "57":0.6544959545,
        "58":0.6543064117,
        "59":0.6547967196
    },
    "accuracy":{
        "0":0.5208367705,
        "1":0.5383636951,
        "2":0.5457136631,
        "3":0.5568564534,
        "4":0.5592122078,
        "5":0.5649838448,
        "6":0.5723338723,
        "7":0.5719569325,
        "8":0.5755848289,
        "9":0.5803905725,
        "10":0.5809559822,
        "11":0.581238687,
        "12":0.5854083896,
        "13":0.5846781135,
        "14":0.5873636603,
        "15":0.5867747068,
        "16":0.5880232453,
        "17":0.5903790593,
        "18":0.5933708549,
        "19":0.5905675292,
        "20":0.5908501744,
        "21":0.590685308,
        "22":0.5973285437,
        "23":0.5955852866,
        "24":0.5946900845,
        "25":0.5989540219,
        "26":0.5961977839,
        "27":0.5942189693,
        "28":0.5972343087,
        "29":0.5961270928,
        "30":0.5960800052,
        "31":0.5989540219,
        "32":0.6010742188,
        "33":0.6015218496,
        "34":0.5981766582,
        "35":0.6001790166,
        "36":0.6001790166,
        "37":0.600037694,
        "38":0.6015218496,
        "39":0.6019929647,
        "40":0.6047256589,
        "41":0.6033593416,
        "42":0.6034771204,
        "43":0.6045843363,
        "44":0.6042545438,
        "45":0.6060448885,
        "46":0.6059271097,
        "47":0.6046550274,
        "48":0.6041838527,
        "49":0.6058328748,
        "50":0.6076468229,
        "51":0.6069165468,
        "52":0.6100968122,
        "53":0.6079530716,
        "54":0.60939008,
        "55":0.6079766154,
        "56":0.6086833477,
        "57":0.6086127162,
        "58":0.6063982844,
        "59":0.608730495
    }
}