{
    "loss":{
        "0":0.7486799955,
        "1":0.7052769065,
        "2":0.6931664348,
        "3":0.6879309416,
        "4":0.6842201948,
        "5":0.6802203059,
        "6":0.6768074632,
        "7":0.6747072339,
        "8":0.6733304858,
        "9":0.6701917052,
        "10":0.6700361967,
        "11":0.6687419415,
        "12":0.6666867137,
        "13":0.6661878824,
        "14":0.6657016873,
        "15":0.66436553,
        "16":0.6636226177,
        "17":0.6629635692,
        "18":0.6629841924,
        "19":0.6626852751,
        "20":0.6620414257,
        "21":0.6604998112,
        "22":0.6602017283,
        "23":0.6606149077,
        "24":0.6598279476,
        "25":0.658949852,
        "26":0.6577624679,
        "27":0.6578053832,
        "28":0.657366097,
        "29":0.6570554972,
        "30":0.6579841971,
        "31":0.6569130421,
        "32":0.6559849977,
        "33":0.655700326,
        "34":0.6563332677,
        "35":0.6557677388,
        "36":0.654782176,
        "37":0.6550352573,
        "38":0.6546949744,
        "39":0.6545329094,
        "40":0.6523574591,
        "41":0.6537275314,
        "42":0.6538997293,
        "43":0.6535319686,
        "44":0.6522608399,
        "45":0.6531216502,
        "46":0.6516140103,
        "47":0.6518133283,
        "48":0.6506057382,
        "49":0.6511191726,
        "50":0.6518784165,
        "51":0.6514951587,
        "52":0.6503977776,
        "53":0.6502601504,
        "54":0.650711596,
        "55":0.6498633027,
        "56":0.6491850615,
        "57":0.6485993862,
        "58":0.6493186951,
        "59":0.6486535668
    },
    "accuracy":{
        "0":0.5239033103,
        "1":0.541418612,
        "2":0.5476921201,
        "3":0.5565757155,
        "4":0.5582928658,
        "5":0.5648639798,
        "6":0.5720762014,
        "7":0.5705192685,
        "8":0.577021718,
        "9":0.585103929,
        "10":0.5840965509,
        "11":0.5870271921,
        "12":0.5880804062,
        "13":0.5884467363,
        "14":0.5879201293,
        "15":0.5929114223,
        "16":0.595315516,
        "17":0.5968495011,
        "18":0.5951781273,
        "19":0.5964145064,
        "20":0.5983377695,
        "21":0.6024361253,
        "22":0.6026879549,
        "23":0.5999404788,
        "24":0.6031687856,
        "25":0.6035580039,
        "26":0.6041303873,
        "27":0.6033061743,
        "28":0.6041991115,
        "29":0.6051149368,
        "30":0.6051149368,
        "31":0.6046569943,
        "32":0.6052294374,
        "33":0.6063055396,
        "34":0.6070839763,
        "35":0.6093049049,
        "36":0.6095109582,
        "37":0.6057560444,
        "38":0.6080685258,
        "39":0.6091217399,
        "40":0.6124187112,
        "41":0.6097170115,
        "42":0.6111136675,
        "43":0.6118234396,
        "44":0.6131513715,
        "45":0.6125332117,
        "46":0.6109762788,
        "47":0.6151204109,
        "48":0.6135635376,
        "49":0.6135405898,
        "50":0.6109762788,
        "51":0.6144106388,
        "52":0.6142045856,
        "53":0.6145938039,
        "54":0.6155783534,
        "55":0.6172268391,
        "56":0.6164712906,
        "57":0.6179594994,
        "58":0.6147999167,
        "59":0.6184174418
    },
    "val_loss":{
        "0":0.6745002866,
        "1":0.668593049,
        "2":0.6669172645,
        "3":0.6666163802,
        "4":0.6649603844,
        "5":0.6641319394,
        "6":0.663184464,
        "7":0.6606616974,
        "8":0.6593846679,
        "9":0.6592467427,
        "10":0.659594655,
        "11":0.6582232714,
        "12":0.6584288478,
        "13":0.658642292,
        "14":0.6576288342,
        "15":0.659422636,
        "16":0.6590920687,
        "17":0.6581507921,
        "18":0.658863306,
        "19":0.6567661762,
        "20":0.6576908231,
        "21":0.6574324965,
        "22":0.6575834155,
        "23":0.6567037106,
        "24":0.6566187143,
        "25":0.6586489081,
        "26":0.6579000354,
        "27":0.6562563777,
        "28":0.6566370726,
        "29":0.6577180028,
        "30":0.6571852565,
        "31":0.6566078067,
        "32":0.6572262645,
        "33":0.6615037918,
        "34":0.6578682065,
        "35":0.6561743617,
        "36":0.6575298905,
        "37":0.6576664448,
        "38":0.6578395367,
        "39":0.6574400663,
        "40":0.6597557664,
        "41":0.6569203138,
        "42":0.6574869752,
        "43":0.6576617956,
        "44":0.6573542953,
        "45":0.6578589678,
        "46":0.6572542191,
        "47":0.6578211188,
        "48":0.6579097509,
        "49":0.6583195329,
        "50":0.6576134562,
        "51":0.6586849689,
        "52":0.658485949,
        "53":0.6574674845,
        "54":0.6569237113,
        "55":0.6581974626,
        "56":0.6588478088,
        "57":0.6588348746,
        "58":0.659991622,
        "59":0.6583829522
    },
    "val_accuracy":{
        "0":0.5673992634,
        "1":0.5855311155,
        "2":0.5901098847,
        "3":0.5901098847,
        "4":0.5919414163,
        "5":0.591391921,
        "6":0.5912088156,
        "7":0.5985348225,
        "8":0.6003662944,
        "9":0.6038461328,
        "10":0.6007326245,
        "11":0.6032966971,
        "12":0.6049450636,
        "13":0.6018314958,
        "14":0.6034798622,
        "15":0.6032966971,
        "16":0.6040292978,
        "17":0.5998168588,
        "18":0.6018314958,
        "19":0.6034798622,
        "20":0.6056776643,
        "21":0.6058608294,
        "22":0.6038461328,
        "23":0.6020146608,
        "24":0.6047618985,
        "25":0.5983516574,
        "26":0.6025640965,
        "27":0.6027472615,
        "28":0.6042124629,
        "29":0.60091573,
        "30":0.6020146608,
        "31":0.6018314958,
        "32":0.6031135321,
        "33":0.6005494595,
        "34":0.6000000238,
        "35":0.6034798622,
        "36":0.6045787334,
        "37":0.6005494595,
        "38":0.5981684923,
        "39":0.6001831293,
        "40":0.6040292978,
        "41":0.6049450636,
        "42":0.6023809314,
        "43":0.5990842581,
        "44":0.6027472615,
        "45":0.6038461328,
        "46":0.5998168588,
        "47":0.6040292978,
        "48":0.6020146608,
        "49":0.6032966971,
        "50":0.6071428657,
        "51":0.6049450636,
        "52":0.6003662944,
        "53":0.6034798622,
        "54":0.6036630273,
        "55":0.6038461328,
        "56":0.6010988951,
        "57":0.5998168588,
        "58":0.6038461328,
        "59":0.6056776643
    }
}