{
    "loss":{
        "0":0.7361450195,
        "1":0.7012318373,
        "2":0.6933164597,
        "3":0.6842870116,
        "4":0.6811760664,
        "5":0.6772165298,
        "6":0.6746792197,
        "7":0.671179533,
        "8":0.670340538,
        "9":0.6689931154,
        "10":0.6674728394,
        "11":0.6669119,
        "12":0.6654729247,
        "13":0.6644568443,
        "14":0.6617087722,
        "15":0.6632453203,
        "16":0.6629562378,
        "17":0.6619023681,
        "18":0.6603264809,
        "19":0.6600640416,
        "20":0.6592916846,
        "21":0.6601737738,
        "22":0.6590509415,
        "23":0.6593639255,
        "24":0.6585159302,
        "25":0.6583077312,
        "26":0.6568933129,
        "27":0.6577019095,
        "28":0.656069994,
        "29":0.6553150415,
        "30":0.6554540396,
        "31":0.6555195451,
        "32":0.6537473202,
        "33":0.6544712186,
        "34":0.6546503901,
        "35":0.6545760632,
        "36":0.654566288,
        "37":0.6529496908,
        "38":0.6543255448,
        "39":0.6534469128,
        "40":0.6523972154,
        "41":0.6523891091,
        "42":0.6522754431,
        "43":0.6512200832,
        "44":0.6515405178,
        "45":0.6510769725,
        "46":0.650218606,
        "47":0.6505324244,
        "48":0.6496729255,
        "49":0.6496664286,
        "50":0.6508289576,
        "51":0.6490343809,
        "52":0.6493915319,
        "53":0.6484456062,
        "54":0.6484630108,
        "55":0.6488753557,
        "56":0.6484285593,
        "57":0.6468618512,
        "58":0.6479430199,
        "59":0.647706151
    },
    "accuracy":{
        "0":0.5251520872,
        "1":0.5467073917,
        "2":0.5491809249,
        "3":0.5614477992,
        "4":0.5662686825,
        "5":0.5719225407,
        "6":0.5708371997,
        "7":0.5775259137,
        "8":0.5790151358,
        "9":0.5843408704,
        "10":0.5846185088,
        "11":0.5880764127,
        "12":0.589187026,
        "13":0.5856785774,
        "14":0.5895908475,
        "15":0.5927459002,
        "16":0.5927459002,
        "17":0.5950932503,
        "18":0.5969862938,
        "19":0.5971882343,
        "20":0.5984249711,
        "21":0.5970115066,
        "22":0.5977182388,
        "23":0.5999394059,
        "24":0.5965067148,
        "25":0.6015043259,
        "26":0.6036497355,
        "27":0.6007975936,
        "28":0.6045079231,
        "29":0.6070572138,
        "30":0.6046341658,
        "31":0.6050884724,
        "32":0.6073096395,
        "33":0.6066029072,
        "34":0.6050632,
        "35":0.6056690216,
        "36":0.6087483168,
        "37":0.6087483168,
        "38":0.6057195067,
        "39":0.6086726189,
        "40":0.6105151772,
        "41":0.6064766645,
        "42":0.6092531085,
        "43":0.6117014289,
        "44":0.6098841429,
        "45":0.6071329117,
        "46":0.6115752459,
        "47":0.6108685136,
        "48":0.6107675433,
        "49":0.6113480926,
        "50":0.6110704541,
        "51":0.6133673191,
        "52":0.6124334335,
        "53":0.6154875159,
        "54":0.6160932779,
        "55":0.614806056,
        "56":0.6127867699,
        "57":0.6154875159,
        "58":0.6161942482,
        "59":0.617102921
    },
    "val_loss":{
        "0":0.6802704334,
        "1":0.6734777689,
        "2":0.6720634103,
        "3":0.6661137342,
        "4":0.6654495597,
        "5":0.6656624675,
        "6":0.6652938128,
        "7":0.664313674,
        "8":0.6650199294,
        "9":0.6632758975,
        "10":0.6656877398,
        "11":0.6649348736,
        "12":0.6650319695,
        "13":0.6632413864,
        "14":0.6644116044,
        "15":0.6628416777,
        "16":0.6614857316,
        "17":0.6624683142,
        "18":0.6632219553,
        "19":0.6621849537,
        "20":0.6604428887,
        "21":0.6617711186,
        "22":0.6599522233,
        "23":0.660045743,
        "24":0.6610295177,
        "25":0.6597566605,
        "26":0.6596384048,
        "27":0.6580951214,
        "28":0.6584107876,
        "29":0.6583337188,
        "30":0.6596482396,
        "31":0.6585417986,
        "32":0.6582707167,
        "33":0.6611731648,
        "34":0.6601141095,
        "35":0.6591811776,
        "36":0.6585681438,
        "37":0.6603723168,
        "38":0.6579363346,
        "39":0.6589226127,
        "40":0.6587535143,
        "41":0.6587947011,
        "42":0.6588344574,
        "43":0.6579921842,
        "44":0.6605588794,
        "45":0.6576528549,
        "46":0.6596750021,
        "47":0.6577540636,
        "48":0.6561769843,
        "49":0.6570109725,
        "50":0.6575631499,
        "51":0.6562684774,
        "52":0.6588286757,
        "53":0.660255909,
        "54":0.6592003107,
        "55":0.6573983431,
        "56":0.6586807966,
        "57":0.6597803235,
        "58":0.6564561129,
        "59":0.6581607461
    },
    "val_accuracy":{
        "0":0.5574399233,
        "1":0.569755733,
        "2":0.5634968877,
        "3":0.5848980546,
        "4":0.5917625427,
        "5":0.5895416737,
        "6":0.5848980546,
        "7":0.5937815309,
        "8":0.5921663642,
        "9":0.5970119238,
        "10":0.5885322094,
        "11":0.5899454951,
        "12":0.593377769,
        "13":0.5915606618,
        "14":0.5970119238,
        "15":0.5913587809,
        "16":0.5951948166,
        "17":0.6014536619,
        "18":0.5966081023,
        "19":0.5988289714,
        "20":0.5994346738,
        "21":0.6004441977,
        "22":0.5990309119,
        "23":0.6060973406,
        "24":0.6060973406,
        "25":0.6030688286,
        "26":0.6010498405,
        "27":0.6016555429,
        "28":0.6008479595,
        "29":0.6050878167,
        "30":0.5988289714,
        "31":0.6024631262,
        "32":0.601251781,
        "33":0.5984252095,
        "34":0.5988289714,
        "35":0.5986270905,
        "36":0.6028669477,
        "37":0.6010498405,
        "38":0.6042802334,
        "39":0.6026650667,
        "40":0.5994346738,
        "41":0.6024631262,
        "42":0.6073086858,
        "43":0.6060973406,
        "44":0.6004441977,
        "45":0.6002422571,
        "46":0.6040783525,
        "47":0.6040783525,
        "48":0.6107409596,
        "49":0.6071068048,
        "50":0.6018574834,
        "51":0.601251781,
        "52":0.6042802334,
        "53":0.5994346738,
        "54":0.6014536619,
        "55":0.6004441977,
        "56":0.6052896976,
        "57":0.5982233286,
        "58":0.6079143882,
        "59":0.6040783525
    }
}