{
    "loss":{
        "0":0.7231302857,
        "1":0.6970385909,
        "2":0.6891289949,
        "3":0.683703959,
        "4":0.6835197806,
        "5":0.6789429188,
        "6":0.6765666604,
        "7":0.6755794287,
        "8":0.6739242077,
        "9":0.6718589067,
        "10":0.6714701653,
        "11":0.6706110239,
        "12":0.6698403358,
        "13":0.6684272289,
        "14":0.6683886647,
        "15":0.6671214104,
        "16":0.6661736965,
        "17":0.6661047339,
        "18":0.6651614308,
        "19":0.6647655964,
        "20":0.6640079618,
        "21":0.6636906862,
        "22":0.6638840437,
        "23":0.6631965041,
        "24":0.6622186899,
        "25":0.6628230214,
        "26":0.662504673,
        "27":0.6619743109,
        "28":0.661534369,
        "29":0.6610699296,
        "30":0.6607915759,
        "31":0.6600273252,
        "32":0.6606754065,
        "33":0.6599365473,
        "34":0.6599590182,
        "35":0.6586662531,
        "36":0.6596001983,
        "37":0.658387363,
        "38":0.659417212,
        "39":0.658978343,
        "40":0.6581674218,
        "41":0.6583305597,
        "42":0.6574102044,
        "43":0.6569235921,
        "44":0.6574762464,
        "45":0.6575698853,
        "46":0.657242775,
        "47":0.6562291384,
        "48":0.6567746997,
        "49":0.6564407945,
        "50":0.6559128165,
        "51":0.6551941037,
        "52":0.655641675,
        "53":0.6544978619,
        "54":0.6539313197,
        "55":0.6544806957,
        "56":0.6534489989,
        "57":0.6542186141,
        "58":0.6540145874,
        "59":0.6547179222
    },
    "accuracy":{
        "0":0.5197362304,
        "1":0.5335653424,
        "2":0.5428839922,
        "3":0.5550874472,
        "4":0.5529352427,
        "5":0.5643373728,
        "6":0.5660088062,
        "7":0.5715267062,
        "8":0.5737017989,
        "9":0.5790365338,
        "10":0.5780978203,
        "11":0.5799065828,
        "12":0.5845086575,
        "13":0.5845315456,
        "14":0.5858137012,
        "15":0.5889504552,
        "16":0.5888130665,
        "17":0.5908508301,
        "18":0.590965271,
        "19":0.592705369,
        "20":0.5960710645,
        "21":0.5954757929,
        "22":0.5966892838,
        "23":0.5971013904,
        "24":0.5979943275,
        "25":0.59735322,
        "26":0.5968495011,
        "27":0.599963367,
        "28":0.5984293222,
        "29":0.5993909836,
        "30":0.598749876,
        "31":0.5998259783,
        "32":0.5991849303,
        "33":0.5990475416,
        "34":0.6017950177,
        "35":0.6020697951,
        "36":0.6014515758,
        "37":0.6015431881,
        "38":0.6018408537,
        "39":0.6014745235,
        "40":0.6009249687,
        "41":0.6016805768,
        "42":0.6034893394,
        "43":0.6041303873,
        "44":0.6061223745,
        "45":0.6058018208,
        "46":0.6029627323,
        "47":0.6060994864,
        "48":0.602573514,
        "49":0.6042906642,
        "50":0.6058247089,
        "51":0.6084119678,
        "52":0.607221365,
        "53":0.6093277931,
        "54":0.6067863107,
        "55":0.6066031456,
        "56":0.6093964577,
        "57":0.6088011861,
        "58":0.6088469625,
        "59":0.6075648069
    }
}