{
    "loss":{
        "0":0.7503036857,
        "1":0.712438643,
        "2":0.6986174583,
        "3":0.6930021048,
        "4":0.6849255562,
        "5":0.6818060875,
        "6":0.6801596284,
        "7":0.6773985028,
        "8":0.674318552,
        "9":0.6728898287,
        "10":0.6713501215,
        "11":0.6709992886,
        "12":0.6695304513,
        "13":0.6699171066,
        "14":0.6682711244,
        "15":0.6674434543,
        "16":0.6666459441,
        "17":0.6660737395,
        "18":0.6642009616,
        "19":0.6634905934,
        "20":0.6631013751,
        "21":0.6619946957,
        "22":0.6632073522,
        "23":0.6612322927,
        "24":0.6612648964,
        "25":0.6603615284,
        "26":0.6601111889,
        "27":0.65954566,
        "28":0.6593313217,
        "29":0.6592536569,
        "30":0.6592663527,
        "31":0.6581138372,
        "32":0.6585271358,
        "33":0.6571071744,
        "34":0.6568280458,
        "35":0.6566233039,
        "36":0.6567937136,
        "37":0.6548630595,
        "38":0.6557363272,
        "39":0.65500319,
        "40":0.6558951735,
        "41":0.6560222507,
        "42":0.6550235152,
        "43":0.6538156867,
        "44":0.6536117792,
        "45":0.6551821828,
        "46":0.6536025405,
        "47":0.6538252831,
        "48":0.6522549391,
        "49":0.6523892879,
        "50":0.651381731,
        "51":0.651360631,
        "52":0.6514045,
        "53":0.6500566006,
        "54":0.651221931,
        "55":0.6512045264,
        "56":0.6507046223,
        "57":0.6503136754,
        "58":0.6493497491,
        "59":0.6501459479
    },
    "accuracy":{
        "0":0.5243263245,
        "1":0.5364021659,
        "2":0.5442864299,
        "3":0.5499251485,
        "4":0.558807373,
        "5":0.5608782172,
        "6":0.5621008277,
        "7":0.564471066,
        "8":0.5716317296,
        "9":0.5740269423,
        "10":0.5779690742,
        "11":0.5768712759,
        "12":0.5783433318,
        "13":0.5782934427,
        "14":0.5823353529,
        "15":0.5827096105,
        "16":0.5858532786,
        "17":0.5860279202,
        "18":0.5898702741,
        "19":0.5912924409,
        "20":0.5897455215,
        "21":0.5907934308,
        "22":0.5904690623,
        "23":0.5925399065,
        "24":0.5935129523,
        "25":0.5943363309,
        "26":0.5934381485,
        "27":0.5925648808,
        "28":0.5986277461,
        "29":0.5964071751,
        "30":0.5959580541,
        "31":0.597679615,
        "32":0.5991516709,
        "33":0.6000000238,
        "34":0.5984281301,
        "35":0.6011976004,
        "36":0.6006736755,
        "37":0.6011976004,
        "38":0.6018962264,
        "39":0.6027445197,
        "40":0.6006487012,
        "41":0.6021207571,
        "42":0.6020957828,
        "43":0.6036925912,
        "44":0.6052644849,
        "45":0.6035429239,
        "46":0.6048902273,
        "47":0.6046157479,
        "48":0.6064620614,
        "49":0.6066117883,
        "50":0.608607769,
        "51":0.6054890156,
        "52":0.6063622832,
        "53":0.6073103547,
        "54":0.6096307635,
        "55":0.6076347232,
        "56":0.6058882475,
        "57":0.6085828543,
        "58":0.6091816425,
        "59":0.6089820266
    },
    "val_loss":{
        "0":0.6711122394,
        "1":0.666390419,
        "2":0.6628849506,
        "3":0.6609793305,
        "4":0.6596924663,
        "5":0.6603400111,
        "6":0.6569766998,
        "7":0.658911407,
        "8":0.6604872942,
        "9":0.6565164328,
        "10":0.6554616094,
        "11":0.6551191807,
        "12":0.6554861665,
        "13":0.6548700929,
        "14":0.6567220092,
        "15":0.6535660028,
        "16":0.6533569098,
        "17":0.6527854204,
        "18":0.6519433856,
        "19":0.6548034549,
        "20":0.6568472981,
        "21":0.6526497006,
        "22":0.6526634097,
        "23":0.6506857872,
        "24":0.6503674388,
        "25":0.6503103971,
        "26":0.6509610415,
        "27":0.651202023,
        "28":0.6514886618,
        "29":0.6517044902,
        "30":0.652069509,
        "31":0.6525142789,
        "32":0.6507911682,
        "33":0.6500588059,
        "34":0.6506434679,
        "35":0.650366962,
        "36":0.6510691047,
        "37":0.6523809433,
        "38":0.6499986053,
        "39":0.6521990895,
        "40":0.6507834792,
        "41":0.6508921385,
        "42":0.6506816745,
        "43":0.6517257094,
        "44":0.6505448222,
        "45":0.6505699158,
        "46":0.6497109532,
        "47":0.6507053375,
        "48":0.6511449814,
        "49":0.6511616707,
        "50":0.6512880325,
        "51":0.6507406831,
        "52":0.6512579918,
        "53":0.6518880129,
        "54":0.653200388,
        "55":0.6524136662,
        "56":0.6532068849,
        "57":0.652557075,
        "58":0.6520906687,
        "59":0.6510139108
    },
    "val_accuracy":{
        "0":0.5800399184,
        "1":0.5938123465,
        "2":0.5872255564,
        "3":0.5874251723,
        "4":0.5932135582,
        "5":0.5938123465,
        "6":0.5984032154,
        "7":0.5940119624,
        "8":0.5974051952,
        "9":0.6049900055,
        "10":0.6045908332,
        "11":0.6001995802,
        "12":0.6033931971,
        "13":0.6003991961,
        "14":0.5950099826,
        "15":0.6025947928,
        "16":0.599401176,
        "17":0.6047903895,
        "18":0.6065868139,
        "19":0.6051896214,
        "20":0.6039920449,
        "21":0.6073852181,
        "22":0.5998004079,
        "23":0.6121756434,
        "24":0.610578835,
        "25":0.6071856022,
        "26":0.6071856022,
        "27":0.6067864299,
        "28":0.606387198,
        "29":0.6083832383,
        "30":0.6025947928,
        "31":0.6083832383,
        "32":0.6103792191,
        "33":0.6091816425,
        "34":0.6053892374,
        "35":0.6113772392,
        "36":0.6057884097,
        "37":0.6081836224,
        "38":0.6059880257,
        "39":0.6077844501,
        "40":0.6079840064,
        "41":0.6053892374,
        "42":0.6071856022,
        "43":0.6121756434,
        "44":0.6079840064,
        "45":0.6043912172,
        "46":0.6113772392,
        "47":0.6039920449,
        "48":0.6027944088,
        "49":0.6057884097,
        "50":0.6029940248,
        "51":0.6097804308,
        "52":0.6041916013,
        "53":0.6061876416,
        "54":0.6091816425,
        "55":0.6053892374,
        "56":0.6017963886,
        "57":0.6101796627,
        "58":0.6067864299,
        "59":0.6033931971
    }
}