{
    "loss":{
        "0":0.7148056626,
        "1":0.6925237775,
        "2":0.6886596084,
        "3":0.6832264066,
        "4":0.6794033647,
        "5":0.677606523,
        "6":0.6739789844,
        "7":0.6714937091,
        "8":0.6697478294,
        "9":0.6690468192,
        "10":0.6672463417,
        "11":0.6674987674,
        "12":0.6647757888,
        "13":0.6658166051,
        "14":0.6638499498,
        "15":0.6636898518,
        "16":0.6634889245,
        "17":0.6618023515,
        "18":0.6614100933,
        "19":0.6600006819,
        "20":0.6600984931,
        "21":0.6592475176,
        "22":0.6604420543,
        "23":0.6586102843,
        "24":0.6582750082,
        "25":0.6583198905,
        "26":0.6584469676,
        "27":0.6578583121,
        "28":0.6569615006,
        "29":0.657312572,
        "30":0.6563664079,
        "31":0.6558601856,
        "32":0.6549252868,
        "33":0.6550166607,
        "34":0.6553452611,
        "35":0.654648304,
        "36":0.6546506286,
        "37":0.6544063687,
        "38":0.6541637182,
        "39":0.654712081,
        "40":0.6525959373,
        "41":0.6530496478,
        "42":0.6533513665,
        "43":0.6531006694,
        "44":0.6533972621,
        "45":0.6511295438,
        "46":0.6524450183,
        "47":0.6522546411,
        "48":0.6510207653,
        "49":0.6506897211,
        "50":0.6506053209,
        "51":0.6504289508,
        "52":0.6493577361,
        "53":0.6493650079,
        "54":0.6501536369,
        "55":0.649900198,
        "56":0.6490316987,
        "57":0.6489418149,
        "58":0.6489829421,
        "59":0.6480054259
    },
    "accuracy":{
        "0":0.519498229,
        "1":0.541457355,
        "2":0.5468588471,
        "3":0.5556172729,
        "4":0.5633408427,
        "5":0.5655115247,
        "6":0.576541543,
        "7":0.5792675018,
        "8":0.5844165683,
        "9":0.5834321976,
        "10":0.583836019,
        "11":0.5856533647,
        "12":0.5910800099,
        "13":0.5889850855,
        "14":0.5901713967,
        "15":0.5912567377,
        "16":0.5961533785,
        "17":0.5937555432,
        "18":0.5944117904,
        "19":0.5987026691,
        "20":0.5981473327,
        "21":0.600343287,
        "22":0.5991064906,
        "23":0.6000151634,
        "24":0.6010247469,
        "25":0.6017567515,
        "26":0.6001665592,
        "27":0.5986269116,
        "28":0.6031449437,
        "29":0.6011257172,
        "30":0.6051389575,
        "31":0.6072086692,
        "32":0.6049622893,
        "33":0.6030944586,
        "34":0.6046341658,
        "35":0.6082182527,
        "36":0.6046341658,
        "37":0.6065271497,
        "38":0.6084706783,
        "39":0.6089754701,
        "40":0.6066029072,
        "41":0.6092531085,
        "42":0.6075115204,
        "43":0.6086473465,
        "44":0.6098336577,
        "45":0.612711072,
        "46":0.6118528843,
        "47":0.61054039,
        "48":0.6131401658,
        "49":0.6125344038,
        "50":0.6138216257,
        "51":0.6142507195,
        "52":0.6121557951,
        "53":0.6134178042,
        "54":0.6152855754,
        "55":0.6153613329,
        "56":0.6161185503,
        "57":0.6112723947,
        "58":0.6175572276,
        "59":0.617834866
    }
}