{
    "loss":{
        "0":0.7193312049,
        "1":0.692476213,
        "2":0.6869038343,
        "3":0.6844804883,
        "4":0.6797659993,
        "5":0.6780068278,
        "6":0.6774886847,
        "7":0.6746162176,
        "8":0.6735102534,
        "9":0.6734341979,
        "10":0.6716850996,
        "11":0.6704591513,
        "12":0.6702263951,
        "13":0.6695820093,
        "14":0.6693010926,
        "15":0.6672030091,
        "16":0.6678330898,
        "17":0.6662860513,
        "18":0.6661400199,
        "19":0.6667047143,
        "20":0.6652200818,
        "21":0.6650636196,
        "22":0.6645502448,
        "23":0.6632860303,
        "24":0.6632997394,
        "25":0.6632168889,
        "26":0.6615224481,
        "27":0.6617259979,
        "28":0.661403954,
        "29":0.6615157127,
        "30":0.660171032,
        "31":0.6612321138,
        "32":0.6615538597,
        "33":0.6598616242,
        "34":0.6594152451,
        "35":0.6595978141,
        "36":0.6604343057,
        "37":0.65886724,
        "38":0.6585298181,
        "39":0.6576300859,
        "40":0.6570578218,
        "41":0.6575172544,
        "42":0.6576491594,
        "43":0.6557047367,
        "44":0.6569285393,
        "45":0.6560547352,
        "46":0.6558247209,
        "47":0.6552998424,
        "48":0.6557144523,
        "49":0.6542094946,
        "50":0.6549526453,
        "51":0.6557564735,
        "52":0.6542643905,
        "53":0.6540691853,
        "54":0.6533069611,
        "55":0.6540371776,
        "56":0.6538066864,
        "57":0.6525337696,
        "58":0.6528147459,
        "59":0.6522445679
    },
    "accuracy":{
        "0":0.5246588588,
        "1":0.541647613,
        "2":0.5461580753,
        "3":0.550416708,
        "4":0.5600329638,
        "5":0.5648182034,
        "6":0.5677489042,
        "7":0.5757624507,
        "8":0.5761287808,
        "9":0.5768156648,
        "10":0.5780062079,
        "11":0.5833867788,
        "12":0.5826770067,
        "13":0.5872790813,
        "14":0.5867295265,
        "15":0.589568615,
        "16":0.5874392986,
        "17":0.5890191197,
        "18":0.5914461017,
        "19":0.5902097225,
        "20":0.5919040442,
        "21":0.5926824808,
        "22":0.5933693647,
        "23":0.5948346853,
        "24":0.5961168408,
        "25":0.5968953371,
        "26":0.5994596481,
        "27":0.5984064341,
        "28":0.5986812115,
        "29":0.5988872647,
        "30":0.6006044745,
        "31":0.6008105278,
        "32":0.6020697951,
        "33":0.6014286876,
        "34":0.604611218,
        "35":0.6031916738,
        "36":0.6036037803,
        "37":0.6040617228,
        "38":0.6043135524,
        "39":0.6052065492,
        "40":0.6064428687,
        "41":0.6061452627,
        "42":0.6056186557,
        "43":0.6080456376,
        "44":0.604794383,
        "45":0.6099230647,
        "46":0.6087095737,
        "47":0.6079769135,
        "48":0.6058704853,
        "49":0.6110678911,
        "50":0.609785676,
        "51":0.6087554097,
        "52":0.6084806323,
        "53":0.612395823,
        "54":0.6139756441,
        "55":0.6122126579,
        "56":0.6107015014,
        "57":0.6135635376,
        "58":0.6138840318,
        "59":0.6118234396
    }
}