{
    "loss":{
        "0":0.7035290003,
        "1":0.6913244724,
        "2":0.6869774461,
        "3":0.6843864322,
        "4":0.6805722713,
        "5":0.6787418723,
        "6":0.674896121,
        "7":0.6736806035,
        "8":0.6725717187,
        "9":0.6707489491,
        "10":0.6690763235,
        "11":0.6680904031,
        "12":0.6672281027,
        "13":0.6668840647,
        "14":0.6664200425,
        "15":0.6649489999,
        "16":0.6655144691,
        "17":0.6641398668,
        "18":0.6634697914,
        "19":0.663475275,
        "20":0.6627768874,
        "21":0.6614333391,
        "22":0.6616111994,
        "23":0.6622126102,
        "24":0.6620483994,
        "25":0.6617280841,
        "26":0.6606981158,
        "27":0.6605977416,
        "28":0.6603722572,
        "29":0.6604482532,
        "30":0.6597711444,
        "31":0.6600426435,
        "32":0.6585507989,
        "33":0.6582000256,
        "34":0.6589941382,
        "35":0.658206284,
        "36":0.6569752693,
        "37":0.6578715444,
        "38":0.6577702761,
        "39":0.6571480036,
        "40":0.6565617919,
        "41":0.6561561227,
        "42":0.6566872001,
        "43":0.6568972468,
        "44":0.6565173268,
        "45":0.6552911401,
        "46":0.6551696062,
        "47":0.6539101601,
        "48":0.6552616954,
        "49":0.6552299857,
        "50":0.6540641785,
        "51":0.6540807486,
        "52":0.6539635658,
        "53":0.6526435614,
        "54":0.6530583501,
        "55":0.6526729465,
        "56":0.6526944637,
        "57":0.6513493061,
        "58":0.6521915197,
        "59":0.6514730453
    },
    "accuracy":{
        "0":0.5243631601,
        "1":0.5378184319,
        "2":0.5431450009,
        "3":0.5534738302,
        "4":0.562413156,
        "5":0.567299664,
        "6":0.5723019838,
        "7":0.5737146735,
        "8":0.5788328052,
        "9":0.5829319358,
        "10":0.584854126,
        "11":0.5841825008,
        "12":0.587123692,
        "13":0.5879342556,
        "14":0.5885363817,
        "15":0.5922649503,
        "16":0.5900880098,
        "17":0.5935387015,
        "18":0.5936313272,
        "19":0.5947892666,
        "20":0.594997704,
        "21":0.5965261459,
        "22":0.5976377726,
        "23":0.595947206,
        "24":0.5953913927,
        "25":0.5992357731,
        "26":0.5989578366,
        "27":0.5980546474,
        "28":0.6004400253,
        "29":0.6008569002,
        "30":0.6010884643,
        "31":0.6024780273,
        "32":0.6033117175,
        "33":0.6013664007,
        "34":0.6020379663,
        "35":0.6036127806,
        "36":0.6038675308,
        "37":0.6025474668,
        "38":0.6031959057,
        "39":0.6056739092,
        "40":0.6062760353,
        "41":0.606808722,
        "42":0.6046549082,
        "43":0.6070171595,
        "44":0.6058823466,
        "45":0.6067624092,
        "46":0.6066234112,
        "47":0.6102362275,
        "48":0.6083603501,
        "49":0.607758224,
        "50":0.6112320423,
        "51":0.611463666,
        "52":0.609657228,
        "53":0.6114404798,
        "54":0.6103520393,
        "55":0.6137100458,
        "56":0.611764729,
        "57":0.6132931709,
        "58":0.6108846664,
        "59":0.6132005453
    }
}