{
    "loss":{
        "0":0.7154176235,
        "1":0.6935120225,
        "2":0.6909084916,
        "3":0.6871367693,
        "4":0.6835893989,
        "5":0.6821863055,
        "6":0.6793476939,
        "7":0.6764460206,
        "8":0.675732255,
        "9":0.6736134887,
        "10":0.6738013625,
        "11":0.6725500822,
        "12":0.6716503501,
        "13":0.671164155,
        "14":0.6692221761,
        "15":0.6690578461,
        "16":0.6675553322,
        "17":0.6673269272,
        "18":0.6679861546,
        "19":0.6666609645,
        "20":0.6658546329,
        "21":0.6667174101,
        "22":0.6650399566,
        "23":0.6637113094,
        "24":0.6654055119,
        "25":0.6645503044,
        "26":0.6641969085,
        "27":0.6639918685,
        "28":0.6628665924,
        "29":0.6633827686,
        "30":0.6621150374,
        "31":0.6628916264,
        "32":0.6623040438,
        "33":0.6613257527,
        "34":0.6615020633,
        "35":0.6612012386,
        "36":0.6608652472,
        "37":0.6597676277,
        "38":0.6602436304,
        "39":0.6590926647,
        "40":0.6599979997,
        "41":0.6591386795,
        "42":0.6588904858,
        "43":0.6583558917,
        "44":0.6587693691,
        "45":0.6582098007,
        "46":0.6576145887,
        "47":0.6575964093,
        "48":0.6564829946,
        "49":0.6564617157,
        "50":0.6568741798,
        "51":0.6556819081,
        "52":0.6558957696,
        "53":0.6563335657,
        "54":0.6553872228,
        "55":0.6551058292,
        "56":0.6547054648,
        "57":0.6552178264,
        "58":0.6550498605,
        "59":0.6536179781
    },
    "accuracy":{
        "0":0.5171375871,
        "1":0.5355488658,
        "2":0.5390921831,
        "3":0.5447660685,
        "4":0.5528022051,
        "5":0.5550023317,
        "6":0.5638953447,
        "7":0.5660722852,
        "8":0.5696850419,
        "9":0.5728577971,
        "10":0.5746873617,
        "11":0.5748031735,
        "12":0.5785085559,
        "13":0.5812644958,
        "14":0.5813802481,
        "15":0.5847151279,
        "16":0.5887447596,
        "17":0.5827234983,
        "18":0.5869383812,
        "19":0.5867299438,
        "20":0.5864751935,
        "21":0.5899490714,
        "22":0.5928670764,
        "23":0.5934460163,
        "24":0.5917322636,
        "25":0.5918712616,
        "26":0.5914775133,
        "27":0.5949745178,
        "28":0.5967577696,
        "29":0.5953682065,
        "30":0.5968503952,
        "31":0.5973598957,
        "32":0.59893471,
        "33":0.598865211,
        "34":0.5976609588,
        "35":0.5985178351,
        "36":0.5985641479,
        "37":0.6012042761,
        "38":0.6017369032,
        "39":0.600833714,
        "40":0.6004168391,
        "41":0.6015979648,
        "42":0.6013664007,
        "43":0.6045854688,
        "44":0.6015284657,
        "45":0.6038675308,
        "46":0.6041222811,
        "47":0.6049559712,
        "48":0.6040759683,
        "49":0.6062297225,
        "50":0.6073645353,
        "51":0.6069476604,
        "52":0.6072950363,
        "53":0.6049328446,
        "54":0.6063918471,
        "55":0.6094024777,
        "56":0.6084529757,
        "57":0.6078508496,
        "58":0.6096804142,
        "59":0.6100509763
    }
}