{
    "loss":{
        "0":0.721708715,
        "1":0.6952280402,
        "2":0.68781811,
        "3":0.6852324605,
        "4":0.6820388436,
        "5":0.6801223159,
        "6":0.6798455715,
        "7":0.6766508818,
        "8":0.6742981076,
        "9":0.672170341,
        "10":0.6713732481,
        "11":0.6709936857,
        "12":0.6698204875,
        "13":0.6705795527,
        "14":0.6683633327,
        "15":0.6682178378,
        "16":0.6681137085,
        "17":0.6671705842,
        "18":0.665438652,
        "19":0.6661030054,
        "20":0.6651830077,
        "21":0.6654796004,
        "22":0.6650820374,
        "23":0.6642583013,
        "24":0.6647755504,
        "25":0.6641525626,
        "26":0.662565589,
        "27":0.6637750268,
        "28":0.6618064046,
        "29":0.6632863283,
        "30":0.6621518135,
        "31":0.6613677144,
        "32":0.6620489359,
        "33":0.6611386538,
        "34":0.6607069373,
        "35":0.6606989503,
        "36":0.6607270837,
        "37":0.6602596045,
        "38":0.660199523,
        "39":0.6602357626,
        "40":0.6592721343,
        "41":0.6579107046,
        "42":0.6585150957,
        "43":0.6590852737,
        "44":0.6589279175,
        "45":0.6580437422,
        "46":0.6571968794,
        "47":0.6578620076,
        "48":0.6571157575,
        "49":0.6569131613,
        "50":0.6577344537,
        "51":0.6563293934,
        "52":0.6569448709,
        "53":0.6561009884,
        "54":0.6555102468,
        "55":0.6558651924,
        "56":0.6552927494,
        "57":0.6552782655,
        "58":0.6557732224,
        "59":0.6549605131
    },
    "accuracy":{
        "0":0.5175151229,
        "1":0.5351598263,
        "2":0.5507079363,
        "3":0.5549954176,
        "4":0.5605314374,
        "5":0.5618978143,
        "6":0.5636175275,
        "7":0.5690357685,
        "8":0.5730876923,
        "9":0.5789064765,
        "10":0.5788828731,
        "11":0.5816155672,
        "12":0.581733346,
        "13":0.5804612637,
        "14":0.5845838785,
        "15":0.5851727724,
        "16":0.5817804933,
        "17":0.5865391493,
        "18":0.5903554559,
        "19":0.5852670074,
        "20":0.5890833735,
        "21":0.5902141333,
        "22":0.5913684368,
        "23":0.5909680128,
        "24":0.590685308,
        "25":0.591344893,
        "26":0.5907323956,
        "27":0.5894603133,
        "28":0.593182385,
        "29":0.5948785543,
        "30":0.5964097977,
        "31":0.5969045162,
        "32":0.5969987512,
        "33":0.5956795216,
        "34":0.598200202,
        "35":0.5969516635,
        "36":0.5983886719,
        "37":0.5977525711,
        "38":0.5984593034,
        "39":0.6001790166,
        "40":0.6004146338,
        "41":0.6025348306,
        "42":0.6003910303,
        "43":0.6015924811,
        "44":0.6015924811,
        "45":0.601875186,
        "46":0.6020165086,
        "47":0.600862205,
        "48":0.603712678,
        "49":0.6014982462,
        "50":0.6020636559,
        "51":0.604537189,
        "52":0.602699697,
        "53":0.6047256589,
        "54":0.6047021151,
        "55":0.6059035659,
        "56":0.6073876619,
        "57":0.6044429541,
        "58":0.6067751646,
        "59":0.6054323912
    }
}