{
    "loss":{
        "0":0.7352395058,
        "1":0.6961529255,
        "2":0.6873871684,
        "3":0.6818181276,
        "4":0.67990762,
        "5":0.6762492061,
        "6":0.6740323901,
        "7":0.6710599065,
        "8":0.6701022983,
        "9":0.6697564125,
        "10":0.6668631434,
        "11":0.6677672863,
        "12":0.666731298,
        "13":0.6653036475,
        "14":0.6655673385,
        "15":0.6633349061,
        "16":0.6629801393,
        "17":0.6623376012,
        "18":0.6625196934,
        "19":0.662104845,
        "20":0.661213696,
        "21":0.6596312523,
        "22":0.6604347229,
        "23":0.6581778526,
        "24":0.6577445269,
        "25":0.6580814719,
        "26":0.6575997472,
        "27":0.6577483416,
        "28":0.6571664214,
        "29":0.657517314,
        "30":0.6568673253,
        "31":0.6570866108,
        "32":0.654605031,
        "33":0.6557745934,
        "34":0.6553068757,
        "35":0.6546936035,
        "36":0.6548782587,
        "37":0.6534192562,
        "38":0.6525876522,
        "39":0.6533026099,
        "40":0.6531776786,
        "41":0.6531666517,
        "42":0.6532056928,
        "43":0.6525073647,
        "44":0.6521843672,
        "45":0.6524463892,
        "46":0.6520889997,
        "47":0.651881814,
        "48":0.6512360573,
        "49":0.6507157087,
        "50":0.6508343816,
        "51":0.650372386,
        "52":0.6493787169,
        "53":0.6506627798,
        "54":0.6495090127,
        "55":0.6478226185,
        "56":0.6496762633,
        "57":0.6480423212,
        "58":0.6471108794,
        "59":0.6471330523
    },
    "accuracy":{
        "0":0.5231580734,
        "1":0.5428960919,
        "2":0.5518311858,
        "3":0.5588985085,
        "4":0.5642242432,
        "5":0.5693228245,
        "6":0.5706605315,
        "7":0.5775511861,
        "8":0.5806052685,
        "9":0.5817663074,
        "10":0.5862086415,
        "11":0.5836593509,
        "12":0.5886821747,
        "13":0.5872939825,
        "14":0.5862843394,
        "15":0.5933516622,
        "16":0.593048811,
        "17":0.5941088796,
        "18":0.5955728292,
        "19":0.5951437354,
        "20":0.598778367,
        "21":0.5980716348,
        "22":0.5983745456,
        "23":0.601554811,
        "24":0.6032207012,
        "25":0.601554811,
        "26":0.6040536165,
        "27":0.6012266874,
        "28":0.6049622893,
        "29":0.6051389575,
        "30":0.6063504815,
        "31":0.6074863076,
        "32":0.6069057584,
        "33":0.6077639461,
        "34":0.6060980558,
        "35":0.60594666,
        "36":0.6077639461,
        "37":0.6082940102,
        "38":0.6087735891,
        "39":0.6100355983,
        "40":0.6093540788,
        "41":0.6073601246,
        "42":0.6095560193,
        "43":0.6099851131,
        "44":0.6114237905,
        "45":0.610060811,
        "46":0.6111209393,
        "47":0.6120295525,
        "48":0.6143012047,
        "49":0.6132411361,
        "50":0.6141497493,
        "51":0.6128625274,
        "52":0.6127867699,
        "53":0.6117014289,
        "54":0.6150836945,
        "55":0.6171281338,
        "56":0.6158156395,
        "57":0.6170524359,
        "58":0.6153360605,
        "59":0.6170776486
    }
}