{
    "loss":{
        "0":0.746558845,
        "1":0.7100580335,
        "2":0.6985906363,
        "3":0.6911591887,
        "4":0.6859560013,
        "5":0.6812361479,
        "6":0.6784879565,
        "7":0.6767429113,
        "8":0.6750146151,
        "9":0.6723316312,
        "10":0.6711631417,
        "11":0.670601666,
        "12":0.6681653857,
        "13":0.6675060987,
        "14":0.6667648554,
        "15":0.6661102772,
        "16":0.6651573181,
        "17":0.6640552282,
        "18":0.6636914015,
        "19":0.6637709737,
        "20":0.6620593667,
        "21":0.6619377136,
        "22":0.6618926525,
        "23":0.6613284945,
        "24":0.6609262228,
        "25":0.659995079,
        "26":0.6609968543,
        "27":0.6587464809,
        "28":0.6596443653,
        "29":0.6589870453,
        "30":0.6590021253,
        "31":0.6582193375,
        "32":0.6577276587,
        "33":0.6572824121,
        "34":0.6576241255,
        "35":0.6564698219,
        "36":0.6567822099,
        "37":0.6560934186,
        "38":0.6562823653,
        "39":0.6566571593,
        "40":0.6554102302,
        "41":0.6558719277,
        "42":0.654989779,
        "43":0.6543933153,
        "44":0.6538705826,
        "45":0.6527812481,
        "46":0.6526227593,
        "47":0.6520035863,
        "48":0.6513069868,
        "49":0.6527770758,
        "50":0.6525143385,
        "51":0.6518346667,
        "52":0.6522821784,
        "53":0.6517913342,
        "54":0.6500505209,
        "55":0.6505914927,
        "56":0.6501143575,
        "57":0.6503970027,
        "58":0.6496580839,
        "59":0.6494634748
    },
    "accuracy":{
        "0":0.5240641832,
        "1":0.5389761925,
        "2":0.545902133,
        "3":0.5517915487,
        "4":0.5563146472,
        "5":0.5659025908,
        "6":0.5669155717,
        "7":0.5707790256,
        "8":0.5685646534,
        "9":0.578317523,
        "10":0.5767155886,
        "11":0.5816627145,
        "12":0.5835002065,
        "13":0.58408916,
        "14":0.5878819227,
        "15":0.5878583789,
        "16":0.5893425345,
        "17":0.5902141333,
        "18":0.5927583575,
        "19":0.5916982889,
        "20":0.594101131,
        "21":0.594360292,
        "22":0.5958915353,
        "23":0.5953968167,
        "24":0.5976347923,
        "25":0.598200202,
        "26":0.5971400738,
        "27":0.6001083851,
        "28":0.5995429754,
        "29":0.6010742188,
        "30":0.5979881883,
        "31":0.6019929647,
        "32":0.6010271311,
        "33":0.6033828855,
        "34":0.6017338634,
        "35":0.6050790548,
        "36":0.6030294895,
        "37":0.6042073965,
        "38":0.6035478115,
        "39":0.603053093,
        "40":0.6053381562,
        "41":0.6042309403,
        "42":0.6061626673,
        "43":0.6058093309,
        "44":0.6080237627,
        "45":0.6091545224,
        "46":0.6098612547,
        "47":0.6097198725,
        "48":0.6119579077,
        "49":0.6079059839,
        "50":0.6108742356,
        "51":0.6104502082,
        "52":0.6092723012,
        "53":0.6110391021,
        "54":0.6124290228,
        "55":0.6106857657,
        "56":0.6121934652,
        "57":0.6098847985,
        "58":0.6122170091,
        "59":0.6139367223
    },
    "val_loss":{
        "0":0.6801427603,
        "1":0.6804802418,
        "2":0.6735717058,
        "3":0.6728461981,
        "4":0.6720913053,
        "5":0.6720267534,
        "6":0.6687748432,
        "7":0.6707116365,
        "8":0.6694602966,
        "9":0.667978704,
        "10":0.670797348,
        "11":0.6684375405,
        "12":0.6690348387,
        "13":0.6673758626,
        "14":0.6683005095,
        "15":0.6680183411,
        "16":0.6661784649,
        "17":0.6665176153,
        "18":0.6667430997,
        "19":0.6661941409,
        "20":0.66782552,
        "21":0.6664907336,
        "22":0.6678211093,
        "23":0.6663269401,
        "24":0.6658416986,
        "25":0.6671429873,
        "26":0.6664634943,
        "27":0.668828249,
        "28":0.6650616527,
        "29":0.6649502516,
        "30":0.6647990942,
        "31":0.6653968096,
        "32":0.6657944918,
        "33":0.6671831608,
        "34":0.6650454402,
        "35":0.6646391153,
        "36":0.6658787131,
        "37":0.6665043831,
        "38":0.6645776629,
        "39":0.6650164723,
        "40":0.6647947431,
        "41":0.6664639115,
        "42":0.6668907404,
        "43":0.666546464,
        "44":0.668571949,
        "45":0.6659769416,
        "46":0.6665048003,
        "47":0.6640758514,
        "48":0.6674351096,
        "49":0.667807579,
        "50":0.6654338241,
        "51":0.6659796238,
        "52":0.6661899686,
        "53":0.6655119061,
        "54":0.6656640172,
        "55":0.6652841568,
        "56":0.6660844684,
        "57":0.6651613712,
        "58":0.6656914949,
        "59":0.6651500463
    },
    "val_accuracy":{
        "0":0.5590729117,
        "1":0.5500282645,
        "2":0.5754663944,
        "3":0.5671754479,
        "4":0.5692481399,
        "5":0.572263062,
        "6":0.5760316849,
        "7":0.5713208914,
        "8":0.573205173,
        "9":0.5846994519,
        "10":0.5782928467,
        "11":0.5760316849,
        "12":0.5794234276,
        "13":0.5816845894,
        "14":0.580930829,
        "15":0.5818729997,
        "16":0.580930829,
        "17":0.5801771283,
        "18":0.5792349577,
        "19":0.5816845894,
        "20":0.572263062,
        "21":0.5781043768,
        "22":0.5779159665,
        "23":0.5831919909,
        "24":0.5816845894,
        "25":0.5749010444,
        "26":0.5773506761,
        "27":0.579988718,
        "28":0.5811192989,
        "29":0.5814961195,
        "30":0.5841341615,
        "31":0.5818729997,
        "32":0.5830035806,
        "33":0.5798002481,
        "34":0.5822498798,
        "35":0.5848878622,
        "36":0.58206141,
        "37":0.5796118379,
        "38":0.5798002481,
        "39":0.5786696672,
        "40":0.5782928467,
        "41":0.5794234276,
        "42":0.5818729997,
        "43":0.5811192989,
        "44":0.5818729997,
        "45":0.5816845894,
        "46":0.5845110416,
        "47":0.5877143145,
        "48":0.5818729997,
        "49":0.5828151703,
        "50":0.5860184431,
        "51":0.5850763321,
        "52":0.5867722034,
        "53":0.580930829,
        "54":0.5837572813,
        "55":0.5846994519,
        "56":0.5833804607,
        "57":0.5839457512,
        "58":0.5843225718,
        "59":0.5850763321
    }
}