{
    "loss":{
        "0":0.7211924195,
        "1":0.6962755919,
        "2":0.6897098422,
        "3":0.6844730973,
        "4":0.6824347973,
        "5":0.6806347966,
        "6":0.6775487065,
        "7":0.6763920188,
        "8":0.6746172905,
        "9":0.6732198,
        "10":0.6710917354,
        "11":0.671199441,
        "12":0.669446528,
        "13":0.669713676,
        "14":0.6683019996,
        "15":0.666462183,
        "16":0.6670308113,
        "17":0.666415751,
        "18":0.6649902463,
        "19":0.6641577482,
        "20":0.6638020277,
        "21":0.663487792,
        "22":0.6631491184,
        "23":0.6614713073,
        "24":0.6621912718,
        "25":0.6621024013,
        "26":0.6607633233,
        "27":0.6622835398,
        "28":0.6609964371,
        "29":0.6610341072,
        "30":0.6602701545,
        "31":0.6608076096,
        "32":0.6599403024,
        "33":0.659112215,
        "34":0.6594510078,
        "35":0.6593847871,
        "36":0.6589719653,
        "37":0.658403933,
        "38":0.6575359106,
        "39":0.6572816968,
        "40":0.6570088267,
        "41":0.6567754745,
        "42":0.6569785476,
        "43":0.655978322,
        "44":0.6574006677,
        "45":0.6551290751,
        "46":0.6555527449,
        "47":0.6542957425,
        "48":0.6538966894,
        "49":0.6551350355,
        "50":0.6547858119,
        "51":0.6548130512,
        "52":0.6543896198,
        "53":0.6532742381,
        "54":0.6538308263,
        "55":0.6535154581,
        "56":0.6519671679,
        "57":0.6520676017,
        "58":0.6531199217,
        "59":0.6519075632
    },
    "accuracy":{
        "0":0.5169411302,
        "1":0.5304391384,
        "2":0.5408682823,
        "3":0.5490269661,
        "4":0.5529690385,
        "5":0.5592814088,
        "6":0.5667664409,
        "7":0.5695608854,
        "8":0.5723053813,
        "9":0.5741267204,
        "10":0.5758482814,
        "11":0.5741267204,
        "12":0.5801646709,
        "13":0.5819112062,
        "14":0.582185626,
        "15":0.582385242,
        "16":0.5840569139,
        "17":0.5827345252,
        "18":0.5869011879,
        "19":0.5902944207,
        "20":0.5878243446,
        "21":0.59311378,
        "22":0.5904191732,
        "23":0.5949600935,
        "24":0.5907435417,
        "25":0.593937099,
        "26":0.5944361091,
        "27":0.5918413401,
        "28":0.5958333611,
        "29":0.5956087708,
        "30":0.5920159817,
        "31":0.5944610834,
        "32":0.5946107507,
        "33":0.5964570642,
        "34":0.5958333611,
        "35":0.5964071751,
        "36":0.5978293419,
        "37":0.5977794528,
        "38":0.5983033776,
        "39":0.6008483171,
        "40":0.602270484,
        "41":0.6004989743,
        "42":0.5981537104,
        "43":0.5998004079,
        "44":0.6000499129,
        "45":0.6024950147,
        "46":0.6032435298,
        "47":0.6029690504,
        "48":0.6065119505,
        "49":0.6015718579,
        "50":0.6045409441,
        "51":0.6052893996,
        "52":0.606636703,
        "53":0.6055887938,
        "54":0.6044161916,
        "55":0.6071856022,
        "56":0.6049900055,
        "57":0.6052893996,
        "58":0.6057884097,
        "59":0.6078093648
    }
}