{
    "loss":{
        "0":0.723963201,
        "1":0.6951812506,
        "2":0.6893107295,
        "3":0.6843585968,
        "4":0.6800272465,
        "5":0.677257061,
        "6":0.6763925552,
        "7":0.6736756563,
        "8":0.6718004942,
        "9":0.6692128181,
        "10":0.6681470275,
        "11":0.6678086519,
        "12":0.6660000086,
        "13":0.6669683456,
        "14":0.6649935246,
        "15":0.6657490134,
        "16":0.6644591689,
        "17":0.663228929,
        "18":0.6629723907,
        "19":0.6625290513,
        "20":0.6622399688,
        "21":0.6611164212,
        "22":0.6606861353,
        "23":0.6610286832,
        "24":0.6603438854,
        "25":0.659920752,
        "26":0.6605039239,
        "27":0.6580181718,
        "28":0.6590912342,
        "29":0.6588129997,
        "30":0.6578840017,
        "31":0.6575177908,
        "32":0.6573133469,
        "33":0.6570929885,
        "34":0.656431973,
        "35":0.6571155787,
        "36":0.656745851,
        "37":0.6564865112,
        "38":0.6553550363,
        "39":0.6556785107,
        "40":0.655819118,
        "41":0.6539003253,
        "42":0.653824389,
        "43":0.6547676325,
        "44":0.654282093,
        "45":0.6535311937,
        "46":0.6541020274,
        "47":0.6524668336,
        "48":0.6517679095,
        "49":0.651550591,
        "50":0.65286237,
        "51":0.6528096199,
        "52":0.6513938308,
        "53":0.6522693038,
        "54":0.6513049006,
        "55":0.6508187056,
        "56":0.6503782272,
        "57":0.6507219672,
        "58":0.6510385275,
        "59":0.6490795612
    },
    "accuracy":{
        "0":0.514870286,
        "1":0.5404441357,
        "2":0.5420409441,
        "3":0.5510229468,
        "4":0.5628991723,
        "5":0.566242516,
        "6":0.5673403144,
        "7":0.5722554922,
        "8":0.5755738616,
        "9":0.5816866159,
        "10":0.5812375546,
        "11":0.5840818286,
        "12":0.5846806169,
        "13":0.5853792429,
        "14":0.5871008039,
        "15":0.5871008039,
        "16":0.5873253345,
        "17":0.5913672447,
        "18":0.5897455215,
        "19":0.5910429358,
        "20":0.5932135582,
        "21":0.5951347351,
        "22":0.5939870477,
        "23":0.5945858359,
        "24":0.5958333611,
        "25":0.5971058011,
        "26":0.5958582759,
        "27":0.5995259285,
        "28":0.5986027718,
        "29":0.5961077809,
        "30":0.5970309377,
        "31":0.6011477113,
        "32":0.6010229588,
        "33":0.6028692722,
        "34":0.6012225747,
        "35":0.6013473272,
        "36":0.6001746655,
        "37":0.6010728478,
        "38":0.6025947928,
        "39":0.6014221311,
        "40":0.6019461155,
        "41":0.6045908332,
        "42":0.6040169597,
        "43":0.6041916013,
        "44":0.6042914391,
        "45":0.6028193831,
        "46":0.6031187773,
        "47":0.6068612933,
        "48":0.6059880257,
        "49":0.6085578799,
        "50":0.6059880257,
        "51":0.6073852181,
        "52":0.6073103547,
        "53":0.6054141521,
        "54":0.6088323593,
        "55":0.6088822484,
        "56":0.6096556783,
        "57":0.6095309258,
        "58":0.6085329056,
        "59":0.6117265224
    }
}