{
    "loss":{
        "0":0.7442471385,
        "1":0.7121816278,
        "2":0.6998375058,
        "3":0.6907423735,
        "4":0.6857976317,
        "5":0.6822422147,
        "6":0.6792711616,
        "7":0.6777021289,
        "8":0.6759798527,
        "9":0.6733376384,
        "10":0.6721246839,
        "11":0.6702805161,
        "12":0.6695754528,
        "13":0.6682596207,
        "14":0.6680879593,
        "15":0.6679645181,
        "16":0.6661559343,
        "17":0.6653732061,
        "18":0.6643397808,
        "19":0.6642708182,
        "20":0.6640809178,
        "21":0.6621832848,
        "22":0.662555933,
        "23":0.6625576019,
        "24":0.6616883278,
        "25":0.6609481573,
        "26":0.6613625884,
        "27":0.6603220701,
        "28":0.6601469517,
        "29":0.6605544686,
        "30":0.6593757868,
        "31":0.6599856019,
        "32":0.6588867903,
        "33":0.6582997441,
        "34":0.6585972905,
        "35":0.6581432819,
        "36":0.6568315029,
        "37":0.6576262116,
        "38":0.6575161815,
        "39":0.6569565535,
        "40":0.6563946009,
        "41":0.655307591,
        "42":0.6567166448,
        "43":0.6548184156,
        "44":0.656160295,
        "45":0.6554331183,
        "46":0.6548740864,
        "47":0.6553932428,
        "48":0.65410918,
        "49":0.6530429721,
        "50":0.653709352,
        "51":0.6531590223,
        "52":0.6534155011,
        "53":0.6532470584,
        "54":0.6527038217,
        "55":0.6517878175,
        "56":0.6505503058,
        "57":0.6513996124,
        "58":0.6515635252,
        "59":0.6513884664
    },
    "accuracy":{
        "0":0.5276516676,
        "1":0.5376331806,
        "2":0.5404122472,
        "3":0.5494210124,
        "4":0.5586845875,
        "5":0.5651227236,
        "6":0.5676470399,
        "7":0.5715146065,
        "8":0.5729272962,
        "9":0.5779759288,
        "10":0.57982862,
        "11":0.580199182,
        "12":0.5832329988,
        "13":0.5867762566,
        "14":0.5867068172,
        "15":0.585803628,
        "16":0.5917785764,
        "17":0.5919638872,
        "18":0.596827209,
        "19":0.5943028927,
        "20":0.5920333266,
        "21":0.594928205,
        "22":0.5958545804,
        "23":0.5984483361,
        "24":0.5975451469,
        "25":0.5991199613,
        "26":0.5996294618,
        "27":0.5977998972,
        "28":0.5993283987,
        "29":0.6005789638,
        "30":0.6013200283,
        "31":0.6011579633,
        "32":0.6019685268,
        "33":0.6024780273,
        "34":0.6022464037,
        "35":0.6038443446,
        "36":0.6045159698,
        "37":0.6045159698,
        "38":0.6031495929,
        "39":0.6035664678,
        "40":0.6070865989,
        "41":0.6069013476,
        "42":0.6068318486,
        "43":0.6091709137,
        "44":0.606808722,
        "45":0.609495163,
        "46":0.6082908511,
        "47":0.6081750989,
        "48":0.607827723,
        "49":0.610444665,
        "50":0.6099814773,
        "51":0.6128068566,
        "52":0.6097035408,
        "53":0.608476162,
        "54":0.6122278571,
        "55":0.6109772921,
        "56":0.6151459217,
        "57":0.6171144247,
        "58":0.6140574217,
        "59":0.6146364212
    },
    "val_loss":{
        "0":0.6779730916,
        "1":0.674377799,
        "2":0.6701182723,
        "3":0.6713213921,
        "4":0.6696140766,
        "5":0.6659166813,
        "6":0.664288938,
        "7":0.6648943424,
        "8":0.6647719145,
        "9":0.664170444,
        "10":0.6627055407,
        "11":0.6638736129,
        "12":0.6605748534,
        "13":0.6610645056,
        "14":0.6597419977,
        "15":0.6595205665,
        "16":0.6602141261,
        "17":0.6596939564,
        "18":0.6610251069,
        "19":0.6599898338,
        "20":0.6584249735,
        "21":0.658049643,
        "22":0.6599448323,
        "23":0.6598641276,
        "24":0.6577033401,
        "25":0.6576241851,
        "26":0.6588943601,
        "27":0.6582217813,
        "28":0.6589005589,
        "29":0.6591565013,
        "30":0.6574015021,
        "31":0.6572105289,
        "32":0.6581251621,
        "33":0.6583409309,
        "34":0.6577423215,
        "35":0.6572520137,
        "36":0.6581218839,
        "37":0.6585667133,
        "38":0.6565056443,
        "39":0.6563509107,
        "40":0.6581674218,
        "41":0.6575522423,
        "42":0.6575047374,
        "43":0.6582621336,
        "44":0.6557006836,
        "45":0.6569683552,
        "46":0.6568188071,
        "47":0.6568034291,
        "48":0.6562285423,
        "49":0.6570530534,
        "50":0.6561450958,
        "51":0.6563357115,
        "52":0.6572729945,
        "53":0.656516552,
        "54":0.6577438116,
        "55":0.6566312313,
        "56":0.6572439075,
        "57":0.656768024,
        "58":0.6564176083,
        "59":0.6579262018
    },
    "val_accuracy":{
        "0":0.5665060878,
        "1":0.5694701672,
        "2":0.5841052532,
        "3":0.5750277638,
        "4":0.5861430168,
        "5":0.5898481011,
        "6":0.5915153623,
        "7":0.5918858647,
        "8":0.5950351954,
        "9":0.5957762003,
        "10":0.5989255309,
        "11":0.5926268697,
        "12":0.600592792,
        "13":0.5935531855,
        "14":0.5987402797,
        "15":0.5996665359,
        "16":0.6009632945,
        "17":0.6044831276,
        "18":0.6030011177,
        "19":0.6020748615,
        "20":0.6028158665,
        "21":0.6028158665,
        "22":0.6002222896,
        "23":0.6028158665,
        "24":0.6065209508,
        "25":0.6035568714,
        "26":0.6022601128,
        "27":0.6020748615,
        "28":0.6059651971,
        "29":0.6048536301,
        "30":0.6007780433,
        "31":0.6022601128,
        "32":0.5998517871,
        "33":0.6035568714,
        "34":0.605594635,
        "35":0.6020748615,
        "36":0.6018896103,
        "37":0.5985550284,
        "38":0.6035568714,
        "39":0.5992960334,
        "40":0.6028158665,
        "41":0.6018896103,
        "42":0.6011485457,
        "43":0.6011485457,
        "44":0.6035568714,
        "45":0.6037421227,
        "46":0.6030011177,
        "47":0.6044831276,
        "48":0.6028158665,
        "49":0.6059651971,
        "50":0.6048536301,
        "51":0.6065209508,
        "52":0.6037421227,
        "53":0.6011485457,
        "54":0.600592792,
        "55":0.6033716202,
        "56":0.6026306152,
        "57":0.606706202,
        "58":0.6020748615,
        "59":0.6022601128
    }
}