{
    "loss":{
        "0":0.7234557271,
        "1":0.6941817403,
        "2":0.6882012486,
        "3":0.6824892759,
        "4":0.6796833873,
        "5":0.6749940515,
        "6":0.673813343,
        "7":0.6704078913,
        "8":0.6709845066,
        "9":0.6683451533,
        "10":0.6670610309,
        "11":0.6668969989,
        "12":0.6644337177,
        "13":0.6653627753,
        "14":0.6630202532,
        "15":0.6616057754,
        "16":0.6608558297,
        "17":0.6605987549,
        "18":0.6594420075,
        "19":0.6584832072,
        "20":0.6579161286,
        "21":0.6569201946,
        "22":0.6570809484,
        "23":0.6568357944,
        "24":0.6558440924,
        "25":0.6557124853,
        "26":0.6546703577,
        "27":0.6556285024,
        "28":0.6548714638,
        "29":0.6536942124,
        "30":0.6534420848,
        "31":0.6536838412,
        "32":0.6520882249,
        "33":0.6517783403,
        "34":0.651909411,
        "35":0.6516568065,
        "36":0.6511597633,
        "37":0.6511639357,
        "38":0.6504290104,
        "39":0.6500973105,
        "40":0.6516880989,
        "41":0.6504478455,
        "42":0.6490438581,
        "43":0.6511240602,
        "44":0.6499413848,
        "45":0.6488825083,
        "46":0.6481423974,
        "47":0.6476752758,
        "48":0.6478615999,
        "49":0.6475033164,
        "50":0.6468654275,
        "51":0.6477692723,
        "52":0.6468969584,
        "53":0.6457676291,
        "54":0.6469857693,
        "55":0.6454933882,
        "56":0.6456623673,
        "57":0.6447477341,
        "58":0.6461166739,
        "59":0.6444795132
    },
    "accuracy":{
        "0":0.5144245625,
        "1":0.5343952179,
        "2":0.5467866659,
        "3":0.5561704636,
        "4":0.5623059869,
        "5":0.5731334686,
        "6":0.5738793612,
        "7":0.5797983408,
        "8":0.5845143199,
        "9":0.5850917697,
        "10":0.5885084867,
        "11":0.5909145474,
        "12":0.5951733589,
        "13":0.5925988555,
        "14":0.5968335867,
        "15":0.598999083,
        "16":0.6036669016,
        "17":0.6032338142,
        "18":0.6034503579,
        "19":0.6068910956,
        "20":0.606433928,
        "21":0.6085512638,
        "22":0.6099708676,
        "23":0.6067948341,
        "24":0.6107649207,
        "25":0.6094415188,
        "26":0.6110295653,
        "27":0.6087437868,
        "28":0.6139168739,
        "29":0.6142296791,
        "30":0.6116070151,
        "31":0.6111258268,
        "32":0.6165395379,
        "33":0.6154568195,
        "34":0.6172854304,
        "35":0.6158899069,
        "36":0.6139650345,
        "37":0.6167801619,
        "38":0.6172854304,
        "39":0.6175982356,
        "40":0.6160823703,
        "41":0.6182719469,
        "42":0.6180072427,
        "43":0.6169486046,
        "44":0.6173095107,
        "45":0.6174779534,
        "46":0.6177666783,
        "47":0.6204614639,
        "48":0.6198118329,
        "49":0.6166357994,
        "50":0.6206780672,
        "51":0.6203892827,
        "52":0.622843504,
        "53":0.6229397655,
        "54":0.6209427118,
        "55":0.6225066781,
        "56":0.6206539869,
        "57":0.6227473021,
        "58":0.6233247519,
        "59":0.6250571609
    }
}