{
    "loss":{
        "0":0.7072692513,
        "1":0.6883479357,
        "2":0.6822131276,
        "3":0.677842021,
        "4":0.6720170975,
        "5":0.672001183,
        "6":0.6694689393,
        "7":0.666251421,
        "8":0.6654513478,
        "9":0.6638349891,
        "10":0.663973093,
        "11":0.6613863111,
        "12":0.6601468921,
        "13":0.6595786214,
        "14":0.6575959921,
        "15":0.6586905718,
        "16":0.657935679,
        "17":0.65558815,
        "18":0.6542614102,
        "19":0.6535536051,
        "20":0.6563359499,
        "21":0.6534438729,
        "22":0.652736485,
        "23":0.6523020864,
        "24":0.6513063312,
        "25":0.6523022056,
        "26":0.6499189138,
        "27":0.6512281895,
        "28":0.6502792835,
        "29":0.6500788331,
        "30":0.649982214,
        "31":0.6494274735,
        "32":0.6488152146,
        "33":0.6483764648,
        "34":0.648406744,
        "35":0.6480288506,
        "36":0.6483458877,
        "37":0.6470631361,
        "38":0.6464571357,
        "39":0.6458998322,
        "40":0.6462818384,
        "41":0.646196425,
        "42":0.6454313397,
        "43":0.6460754871,
        "44":0.6453339458,
        "45":0.6446320415,
        "46":0.6447566748,
        "47":0.6447405219,
        "48":0.6441520452,
        "49":0.6442636847,
        "50":0.6441166997,
        "51":0.6446202993,
        "52":0.6427109838,
        "53":0.6420362592,
        "54":0.6428678036,
        "55":0.6424157023,
        "56":0.6430532932,
        "57":0.6421582103,
        "58":0.6417528987,
        "59":0.641249299
    },
    "accuracy":{
        "0":0.5288852453,
        "1":0.5452948809,
        "2":0.5565313697,
        "3":0.5678400397,
        "4":0.5784028172,
        "5":0.5802795887,
        "6":0.583984971,
        "7":0.5941146612,
        "8":0.5922378898,
        "9":0.5952936411,
        "10":0.5974110365,
        "11":0.5981328487,
        "12":0.6028007269,
        "13":0.6044368744,
        "14":0.6069151163,
        "15":0.607973814,
        "16":0.6093453169,
        "17":0.6094174981,
        "18":0.6110776663,
        "19":0.613868773,
        "20":0.6103077531,
        "21":0.6141334176,
        "22":0.6142296791,
        "23":0.6140372157,
        "24":0.6166117191,
        "25":0.6149033904,
        "26":0.6178388596,
        "27":0.617092967,
        "28":0.6176944971,
        "29":0.6172132492,
        "30":0.6168523431,
        "31":0.6191141009,
        "32":0.6196193695,
        "33":0.6182719469,
        "34":0.6182237864,
        "35":0.6211111546,
        "36":0.6189456582,
        "37":0.6196193695,
        "38":0.6239262819,
        "39":0.6221938729,
        "40":0.6232044697,
        "41":0.6199802756,
        "42":0.623036027,
        "43":0.6238300204,
        "44":0.6235172153,
        "45":0.6249368191,
        "46":0.6241909266,
        "47":0.6246962547,
        "48":0.6235412955,
        "49":0.626308322,
        "50":0.6250330806,
        "51":0.6246721745,
        "52":0.6255865097,
        "53":0.6276557446,
        "54":0.6252496243,
        "55":0.6281129122,
        "56":0.6266211271,
        "57":0.6274632215,
        "58":0.6271744967,
        "59":0.6282572746
    }
}