{
    "loss":{
        "0":0.734817028,
        "1":0.7009518743,
        "2":0.6873495579,
        "3":0.6808019876,
        "4":0.6778630018,
        "5":0.672713697,
        "6":0.6705104709,
        "7":0.66786623,
        "8":0.6662992239,
        "9":0.6636804342,
        "10":0.6623885632,
        "11":0.6603118181,
        "12":0.6598845124,
        "13":0.6595177054,
        "14":0.6581020355,
        "15":0.6567928791,
        "16":0.6566039324,
        "17":0.655457437,
        "18":0.6549385786,
        "19":0.6545450687,
        "20":0.6536514759,
        "21":0.6537232399,
        "22":0.6529018283,
        "23":0.6524417996,
        "24":0.6531180143,
        "25":0.6515717506,
        "26":0.6494948864,
        "27":0.6493538618,
        "28":0.6497148275,
        "29":0.6497829556,
        "30":0.648669064,
        "31":0.6485357881,
        "32":0.6483914256,
        "33":0.6484718919,
        "34":0.6476259828,
        "35":0.6482208371,
        "36":0.6458765268,
        "37":0.645852387,
        "38":0.6460052133,
        "39":0.6449533105,
        "40":0.6451888084,
        "41":0.6451488733,
        "42":0.6451044083,
        "43":0.6436617374,
        "44":0.6437541842,
        "45":0.6443507075,
        "46":0.6425974965,
        "47":0.6425820589,
        "48":0.6427901983,
        "49":0.6420208216,
        "50":0.6417745352,
        "51":0.6412778497,
        "52":0.6428611279,
        "53":0.6423290968,
        "54":0.6411809325,
        "55":0.6410464048,
        "56":0.6405838132,
        "57":0.6394283175,
        "58":0.6387232542,
        "59":0.6401052475
    },
    "accuracy":{
        "0":0.524097085,
        "1":0.5443805456,
        "2":0.5581434369,
        "3":0.5714010596,
        "4":0.5721469522,
        "5":0.5836481452,
        "6":0.5831428766,
        "7":0.5875459909,
        "8":0.5907942653,
        "9":0.5984456539,
        "10":0.5986140966,
        "11":0.6034984589,
        "12":0.6039315462,
        "13":0.6035466194,
        "14":0.6088881493,
        "15":0.6092009544,
        "16":0.6087678075,
        "17":0.6110536456,
        "18":0.6086716056,
        "19":0.6124972701,
        "20":0.6120160818,
        "21":0.6124010682,
        "22":0.6155530214,
        "23":0.6147349477,
        "24":0.6119920015,
        "25":0.6159620881,
        "26":0.6163470745,
        "27":0.6163470745,
        "28":0.6171651483,
        "29":0.6172613502,
        "30":0.6192103028,
        "31":0.6200043559,
        "32":0.6194028258,
        "33":0.6194509268,
        "34":0.6228916645,
        "35":0.6199080944,
        "36":0.6203171015,
        "37":0.6209427118,
        "38":0.622843504,
        "39":0.6229638457,
        "40":0.6233006716,
        "41":0.6226269603,
        "42":0.6219773293,
        "43":0.6222901344,
        "44":0.6260917783,
        "45":0.6252015233,
        "46":0.6259474158,
        "47":0.6258030534,
        "48":0.6264286041,
        "49":0.6273429394,
        "50":0.6259714365,
        "51":0.6268376708,
        "52":0.6251052618,
        "53":0.6264767647,
        "54":0.6283053756,
        "55":0.6270542145,
        "56":0.6303265095,
        "57":0.6290512681,
        "58":0.6304708719,
        "59":0.6275835633
    },
    "val_loss":{
        "0":0.6783306599,
        "1":0.6710392237,
        "2":0.6655699015,
        "3":0.6645464897,
        "4":0.662932992,
        "5":0.6635292768,
        "6":0.6618887186,
        "7":0.6630810499,
        "8":0.6603186131,
        "9":0.6608368158,
        "10":0.662080884,
        "11":0.6630821824,
        "12":0.660700798,
        "13":0.6605224609,
        "14":0.6604808569,
        "15":0.6606812477,
        "16":0.6600565314,
        "17":0.660528183,
        "18":0.6596001387,
        "19":0.658706367,
        "20":0.6591430902,
        "21":0.6592411399,
        "22":0.6600477099,
        "23":0.6602384448,
        "24":0.6587299109,
        "25":0.6592006683,
        "26":0.6597050428,
        "27":0.6602252126,
        "28":0.6603071094,
        "29":0.6599295139,
        "30":0.6600062847,
        "31":0.6603150368,
        "32":0.6593770981,
        "33":0.6591715813,
        "34":0.6589306593,
        "35":0.6599782109,
        "36":0.6606811285,
        "37":0.6587717533,
        "38":0.660207212,
        "39":0.6604000926,
        "40":0.6598612666,
        "41":0.6604791284,
        "42":0.6610354781,
        "43":0.6609576344,
        "44":0.6615846753,
        "45":0.6621116996,
        "46":0.6605802178,
        "47":0.6618739963,
        "48":0.6623554826,
        "49":0.6613492966,
        "50":0.6618968844,
        "51":0.6610587835,
        "52":0.6608605385,
        "53":0.6609234214,
        "54":0.6613617539,
        "55":0.6603705883,
        "56":0.6612485647,
        "57":0.6628452539,
        "58":0.6651819348,
        "59":0.6605737805
    },
    "val_accuracy":{
        "0":0.5694765449,
        "1":0.5800616145,
        "2":0.5929561257,
        "3":0.5994996428,
        "4":0.6027713418,
        "5":0.5966127515,
        "6":0.6027713418,
        "7":0.6043109894,
        "8":0.6110469699,
        "9":0.6089299321,
        "10":0.605850637,
        "11":0.6102771163,
        "12":0.6089299321,
        "13":0.615858376,
        "14":0.6081601381,
        "15":0.6064280272,
        "16":0.6106620431,
        "17":0.6079676747,
        "18":0.6135488749,
        "19":0.6118167639,
        "20":0.6106620431,
        "21":0.6071978211,
        "22":0.6096997857,
        "23":0.6112394333,
        "24":0.6098922491,
        "25":0.6131639481,
        "26":0.6095073223,
        "27":0.6091223955,
        "28":0.6091223955,
        "29":0.6091223955,
        "30":0.6116243005,
        "31":0.6096997857,
        "32":0.6075827479,
        "33":0.6118167639,
        "34":0.6095073223,
        "35":0.6110469699,
        "36":0.6093148589,
        "37":0.6125866175,
        "38":0.6122016907,
        "39":0.6083526015,
        "40":0.6135488749,
        "41":0.6098922491,
        "42":0.6087374687,
        "43":0.6100846529,
        "44":0.6096997857,
        "45":0.6098922491,
        "46":0.6131639481,
        "47":0.6131639481,
        "48":0.6143187284,
        "49":0.6133564115,
        "50":0.6085450053,
        "51":0.6108545065,
        "52":0.6125866175,
        "53":0.6129715443,
        "54":0.6114318967,
        "55":0.6133564115,
        "56":0.6110469699,
        "57":0.6129715443,
        "58":0.6071978211,
        "59":0.6156659126
    }
}