,mean_fit_time,std_fit_time,mean_score_time,std_score_time,param_num_lstm_layers,param_num_dense_layers,param_lstm_units,param_learning_rate,param_dense_units,param_batch_size,params,split0_test_score,split1_test_score,split2_test_score,split3_test_score,split4_test_score,mean_test_score,std_test_score,rank_test_score
0,584.141301202774,4.910154878274194,1.5364975929260254,0.014809466822437778,2,1,32,0.0001,128,32,"{'num_lstm_layers': 2, 'num_dense_layers': 1, 'lstm_units': 32, 'learning_rate': 0.0001, 'dense_units': 128, 'batch_size': 32}",0.6054181389870436,0.5948174322732627,0.6012956419316844,0.6053003533568905,0.5968900930616091,0.6007443319220981,0.004310198212666341,2
1,636.8729228496552,6.789750280320447,1.6854105949401856,0.13686044171809267,2,2,32,0.0001,128,32,"{'num_lstm_layers': 2, 'num_dense_layers': 2, 'lstm_units': 32, 'learning_rate': 0.0001, 'dense_units': 128, 'batch_size': 32}",0.6064782096584217,0.5932862190812721,0.6010600706713781,0.6045936395759718,0.5983036871245141,0.6007443652223116,0.004677059085279933,1
