,mean_fit_time,std_fit_time,mean_score_time,std_score_time,param_num_lstm_layers,param_num_dense_layers,param_lstm_units,param_learning_rate,param_dense_units,param_batch_size,params,split0_test_score,split1_test_score,split2_test_score,split3_test_score,split4_test_score,mean_test_score,std_test_score,rank_test_score
0,2292.7450456142424,46.74785348790696,5.407853603363037,0.5117003321802521,3,1,128,0.0001,64,32,"{'num_lstm_layers': 3, 'num_dense_layers': 1, 'lstm_units': 128, 'learning_rate': 0.0001, 'dense_units': 64, 'batch_size': 32}",0.6011778563015312,0.5795053003533569,0.5935217903415784,0.6001177856301532,0.5933561079043468,0.5935357681061932,0.00772801352483872,1
1,1498.5378432273865,38.01897092752486,4.174839019775391,1.4045864813522346,2,3,128,1e-05,128,32,"{'num_lstm_layers': 2, 'num_dense_layers': 3, 'lstm_units': 128, 'learning_rate': 1e-05, 'dense_units': 128, 'batch_size': 32}",0.597997644287397,0.5856301531213192,0.5908127208480566,0.5946996466431096,0.583107550948286,0.5904495431696337,0.005519066556247691,2
