,mean_fit_time,std_fit_time,mean_score_time,std_score_time,param_num_lstm_layers,param_num_dense_layers,param_lstm_units,param_learning_rate,param_dense_units,param_batch_size,params,split0_test_score,split1_test_score,split2_test_score,split3_test_score,split4_test_score,mean_test_score,std_test_score,rank_test_score
0,3235.582615041733,386.79150086538294,4.983884572982788,0.2836557257094747,3,3,128,1e-05,64,32,"{'num_lstm_layers': 3, 'num_dense_layers': 3, 'lstm_units': 128, 'learning_rate': 1e-05, 'dense_units': 64, 'batch_size': 32}",0.5946996466431096,0.5861012956419317,0.5898704358068315,0.6031802120141343,0.5822829544115915,0.5912269089035197,0.0072532422430977555,1
1,1361.1320597171784,64.67269593211633,2.9546597957611085,0.07353006217087653,3,3,64,1e-05,128,32,"{'num_lstm_layers': 3, 'num_dense_layers': 3, 'lstm_units': 64, 'learning_rate': 1e-05, 'dense_units': 128, 'batch_size': 32}",0.5963486454652532,0.5797408716136632,0.5819787985865724,0.5928150765606596,0.5794557662857815,0.586067831702386,0.007094934385379865,2
