,mean_fit_time,std_fit_time,mean_score_time,std_score_time,param_num_lstm_layers,param_num_dense_layers,param_lstm_units,param_learning_rate,param_dense_units,param_batch_size,params,split0_test_score,split1_test_score,split2_test_score,split3_test_score,split4_test_score,mean_test_score,std_test_score,rank_test_score
0,1593.3888764858245,105.12681439737133,3.54552960395813,0.15063005870165935,3,1,128,0.0001,128,32,"{'num_lstm_layers': 3, 'num_dense_layers': 1, 'lstm_units': 128, 'learning_rate': 0.0001, 'dense_units': 128, 'batch_size': 32}",0.6024734982332155,0.5872791519434629,0.598939929328622,0.6010600706713781,0.5897043232418424,0.5958913946837041,0.0061932776480124055,2
1,1215.0144741535187,116.54561829529412,2.9345285415649416,0.23627042221985714,2,2,128,0.0001,32,32,"{'num_lstm_layers': 2, 'num_dense_layers': 2, 'lstm_units': 128, 'learning_rate': 0.0001, 'dense_units': 32, 'batch_size': 32}",0.6102473498233215,0.5921083627797409,0.5984687868080094,0.6031802120141343,0.5925315113676523,0.5993072445585718,0.0068282245226009,1
