,mean_fit_time,std_fit_time,mean_score_time,std_score_time,param_num_lstm_layers,param_num_dense_layers,param_lstm_units,param_learning_rate,param_dense_units,param_batch_size,params,split0_test_score,split1_test_score,split2_test_score,split3_test_score,split4_test_score,mean_test_score,std_test_score,rank_test_score
0,1743.5471152305604,105.19574839767438,3.2588810443878176,0.13916698432649333,2,3,128,0.0001,64,32,"{'num_lstm_layers': 2, 'num_dense_layers': 3, 'lstm_units': 128, 'learning_rate': 0.0001, 'dense_units': 64, 'batch_size': 32}",0.6045936395759718,0.5916372202591283,0.5998822143698469,0.6048292108362779,0.5971256920720933,0.5996135954226636,0.004937364962845207,1
1,858.5918684959412,8.765278895013784,2.179822015762329,0.06675572402295199,3,3,32,0.0001,64,32,"{'num_lstm_layers': 3, 'num_dense_layers': 3, 'lstm_units': 32, 'learning_rate': 0.0001, 'dense_units': 64, 'batch_size': 32}",0.6012956419316844,0.5934040047114252,0.5982332155477031,0.6073027090694936,0.5965366945458829,0.5993544531612379,0.004723298846779017,2
