,mean_fit_time,std_fit_time,mean_score_time,std_score_time,param_num_lstm_layers,param_num_dense_layers,param_lstm_units,param_learning_rate,param_dense_units,param_batch_size,params,split0_test_score,split1_test_score,split2_test_score,split3_test_score,split4_test_score,mean_test_score,std_test_score,rank_test_score
0,812.1555821418763,18.0774478329513,2.828414726257324,0.8102334661153783,3,2,32,1e-05,64,32,"{'num_lstm_layers': 3, 'num_dense_layers': 2, 'lstm_units': 32, 'learning_rate': 1e-05, 'dense_units': 64, 'batch_size': 32}",0.586336866902238,0.5765606595995288,0.5772673733804475,0.5859835100117785,0.5822829544115915,0.5816862728611168,0.004153285082067955,2
1,1343.4742923259735,36.58604258038838,2.9552440643310547,0.0391179725109646,3,1,64,0.0001,64,32,"{'num_lstm_layers': 3, 'num_dense_layers': 1, 'lstm_units': 64, 'learning_rate': 0.0001, 'dense_units': 64, 'batch_size': 32}",0.6037691401648999,0.5934040047114252,0.6021201413427562,0.6004711425206125,0.5928849098833785,0.5985298677246145,0.004522136858821268,1
