,mean_fit_time,std_fit_time,mean_score_time,std_score_time,param_num_lstm_layers,param_num_dense_layers,param_lstm_units,param_learning_rate,param_dense_units,param_batch_size,params,split0_test_score,split1_test_score,split2_test_score,split3_test_score,split4_test_score,mean_test_score,std_test_score,rank_test_score
0,949.6806534290314,33.39690736175309,2.4335039615631104,0.30014424586891547,2,1,64,1e-05,128,32,"{'num_lstm_layers': 2, 'num_dense_layers': 1, 'lstm_units': 64, 'learning_rate': 1e-05, 'dense_units': 128, 'batch_size': 32}",0.5996466431095406,0.5816254416961131,0.5869257950530036,0.5892815076560659,0.5776887737071504,0.5870336322443748,0.00749303038694175,2
1,1299.0005977153778,74.81578713723823,3.8750998973846436,0.25745587507711315,3,3,64,0.0001,64,32,"{'num_lstm_layers': 3, 'num_dense_layers': 3, 'lstm_units': 64, 'learning_rate': 0.0001, 'dense_units': 64, 'batch_size': 32}",0.603886925795053,0.5939929328621908,0.5992932862190813,0.597997644287397,0.5992460831664507,0.5988833744660346,0.0031634173982805617,1
