,mean_fit_time,std_fit_time,mean_score_time,std_score_time,param_num_lstm_layers,param_num_dense_layers,param_lstm_units,param_learning_rate,param_dense_units,param_batch_size,params,split0_test_score,split1_test_score,split2_test_score,split3_test_score,split4_test_score,mean_test_score,std_test_score,rank_test_score
0,2782.688477706909,29.318469891319616,4.653468036651612,0.10477228016537038,3,1,128,0.0001,64,32,"{'num_lstm_layers': 3, 'num_dense_layers': 1, 'lstm_units': 128, 'learning_rate': 0.0001, 'dense_units': 64, 'batch_size': 32}",0.6024734982332155,0.5826855123674912,0.5963486454652532,0.6003533568904593,0.5938273059253151,0.5951376637763468,0.00691747802160403,1
1,823.912585926056,49.541644254376926,3.144976091384888,1.3404878125572626,3,1,32,1e-05,32,32,"{'num_lstm_layers': 3, 'num_dense_layers': 1, 'lstm_units': 32, 'learning_rate': 1e-05, 'dense_units': 32, 'batch_size': 32}",0.5895170789163722,0.5726737338044758,0.5797408716136632,0.586336866902238,0.5772175756861821,0.5810972253845863,0.00610236617165248,2
