,mean_fit_time,std_fit_time,mean_score_time,std_score_time,param_num_lstm_layers,param_num_dense_layers,param_lstm_units,param_learning_rate,param_dense_units,param_batch_size,params,split0_test_score,split1_test_score,split2_test_score,split3_test_score,split4_test_score,mean_test_score,std_test_score,rank_test_score
0,580.7854468345643,4.810487577118031,1.5385773181915283,0.025763736167785913,2,1,32,0.0001,128,32,"{'num_lstm_layers': 2, 'num_dense_layers': 1, 'lstm_units': 32, 'learning_rate': 0.0001, 'dense_units': 128, 'batch_size': 32}",0.6030624263839811,0.590341578327444,0.5985865724381625,0.6064782096584217,0.6013664742608081,0.5999670522137635,0.00544959386625451,2
1,848.6901484012603,24.63418521205948,3.0277199745178223,1.50799998361658,2,2,64,0.0001,32,32,"{'num_lstm_layers': 2, 'num_dense_layers': 2, 'lstm_units': 64, 'learning_rate': 0.0001, 'dense_units': 32, 'batch_size': 32}",0.6093050647820966,0.5949352179034157,0.6025912838633687,0.603886925795053,0.5944163034515255,0.6010269591590919,0.00565621134780039,1
