{
    "loss":{
        "0":1.3942898512,
        "1":0.8870745301,
        "2":0.7772246003,
        "3":0.7352699041,
        "4":0.7175590396,
        "5":0.7070250511,
        "6":0.7005175948,
        "7":0.6984894276,
        "8":0.697358489,
        "9":0.6955252886,
        "10":0.6950454116,
        "11":0.6948147416,
        "12":0.6938835382,
        "13":0.6934149861,
        "14":0.6930564642,
        "15":0.6934310198,
        "16":0.6931082606,
        "17":0.6929620504,
        "18":0.6927220821,
        "19":0.6930282116,
        "20":0.6918064356,
        "21":0.6920828223,
        "22":0.6914942265,
        "23":0.6917913556,
        "24":0.6913170815,
        "25":0.6917304993,
        "26":0.6918316483,
        "27":0.6907464862,
        "28":0.6909129024,
        "29":0.6909946799,
        "30":0.6911827326,
        "31":0.690931499,
        "32":0.6908968687,
        "33":0.6908295155,
        "34":0.6908472776,
        "35":0.6907278895,
        "36":0.6902152896,
        "37":0.6901332736,
        "38":0.6904221773,
        "39":0.6902668476,
        "40":0.6899678111,
        "41":0.6897389889,
        "42":0.6900767088,
        "43":0.6897271276,
        "44":0.6890280843,
        "45":0.6894798279,
        "46":0.689260304,
        "47":0.6893955469,
        "48":0.6891016364,
        "49":0.6891536117,
        "50":0.6888977885,
        "51":0.6891390681,
        "52":0.6887057424,
        "53":0.688580811,
        "54":0.6879611611,
        "55":0.6885865331,
        "56":0.6884219646,
        "57":0.688174367,
        "58":0.6883285046,
        "59":0.6878121495,
        "60":0.6874741316,
        "61":0.6882085204,
        "62":0.6872091293,
        "63":0.688018918,
        "64":0.6872661114,
        "65":0.6868673563,
        "66":0.6868700981,
        "67":0.6873884201,
        "68":0.6869078875,
        "69":0.6864407063,
        "70":0.6869600415,
        "71":0.6864176393,
        "72":0.6863607168,
        "73":0.6866656542,
        "74":0.6861056089,
        "75":0.6865845323,
        "76":0.6871756315,
        "77":0.6868506074,
        "78":0.6849749088,
        "79":0.6860391498,
        "80":0.6858246326,
        "81":0.6855870485,
        "82":0.6852414012,
        "83":0.6846536994,
        "84":0.6851230264,
        "85":0.6844671369,
        "86":0.6850274801,
        "87":0.6850007772,
        "88":0.6848782301,
        "89":0.6842448711,
        "90":0.684243679,
        "91":0.6843637824,
        "92":0.6850673556,
        "93":0.6837040782,
        "94":0.6833500266,
        "95":0.6837791204,
        "96":0.6832646132,
        "97":0.683298409,
        "98":0.6831691861,
        "99":0.6829964519
    },
    "accuracy":{
        "0":0.5021359324,
        "1":0.5056225657,
        "2":0.5077584982,
        "3":0.512093246,
        "4":0.5087950826,
        "5":0.5113707781,
        "6":0.512752831,
        "7":0.5123445392,
        "8":0.5093604922,
        "9":0.5152343512,
        "10":0.5130355358,
        "11":0.5160509944,
        "12":0.5171818137,
        "13":0.5197575092,
        "14":0.5174959302,
        "15":0.5185952783,
        "16":0.5204485655,
        "17":0.5196318626,
        "18":0.5214850903,
        "19":0.516710639,
        "20":0.5240607858,
        "21":0.523024261,
        "22":0.5268877745,
        "23":0.5258826613,
        "24":0.529337883,
        "25":0.5241550207,
        "26":0.5258512497,
        "27":0.5308769941,
        "28":0.5273275375,
        "29":0.5302487612,
        "30":0.5283955336,
        "31":0.5269191861,
        "32":0.5284897685,
        "33":0.5280500054,
        "34":0.5311911106,
        "35":0.525914073,
        "36":0.5338610411,
        "37":0.5322591066,
        "38":0.5296833515,
        "39":0.5303115845,
        "40":0.5328558683,
        "41":0.5335469246,
        "42":0.532227695,
        "43":0.5337982178,
        "44":0.538572669,
        "45":0.5333898664,
        "46":0.5364367366,
        "47":0.5357142687,
        "48":0.5375989676,
        "49":0.5370021462,
        "50":0.5349290371,
        "51":0.5381957293,
        "52":0.5368764997,
        "53":0.5381957293,
        "54":0.5383213758,
        "55":0.5370021462,
        "56":0.536845088,
        "57":0.5390124321,
        "58":0.5370335579,
        "59":0.5377874374,
        "60":0.5447606444,
        "61":0.5398291349,
        "62":0.5411483645,
        "63":0.5412740111,
        "64":0.5411797762,
        "65":0.5436926484,
        "66":0.5432215333,
        "67":0.5397977233,
        "68":0.5423734188,
        "69":0.5443208814,
        "70":0.5431901217,
        "71":0.5482786894,
        "72":0.5470222235,
        "73":0.5414938927,
        "74":0.5441638231,
        "75":0.5424362421,
        "76":0.5420593023,
        "77":0.5409913063,
        "78":0.548310101,
        "79":0.5474933982,
        "80":0.5482158661,
        "81":0.5445407629,
        "82":0.5491268039,
        "83":0.5483415127,
        "84":0.5504460335,
        "85":0.5521736145,
        "86":0.5481530428,
        "87":0.5479017496,
        "88":0.5530845523,
        "89":0.5490011573,
        "90":0.5486242175,
        "91":0.5499748588,
        "92":0.5504774451,
        "93":0.5567910671,
        "94":0.5542153716,
        "95":0.55076015,
        "96":0.5549377799,
        "97":0.5544352531,
        "98":0.5538384318,
        "99":0.5574507117
    },
    "val_loss":{
        "0":0.9858565331,
        "1":0.7963035107,
        "2":0.7428251505,
        "3":0.7172753811,
        "4":0.7033526897,
        "5":0.6988477111,
        "6":0.695320189,
        "7":0.6940384507,
        "8":0.6935239434,
        "9":0.6931567192,
        "10":0.6929309368,
        "11":0.6929051876,
        "12":0.6921769977,
        "13":0.6923192739,
        "14":0.6925529838,
        "15":0.6926224232,
        "16":0.692773819,
        "17":0.6926802993,
        "18":0.692678988,
        "19":0.6918492317,
        "20":0.6920871735,
        "21":0.6919887662,
        "22":0.6919555068,
        "23":0.6920187473,
        "24":0.6914688945,
        "25":0.6917315722,
        "26":0.6918155551,
        "27":0.6917873025,
        "28":0.6922964454,
        "29":0.6919386387,
        "30":0.6919904947,
        "31":0.6918014288,
        "32":0.6915540695,
        "33":0.6916469336,
        "34":0.6916279793,
        "35":0.6917697787,
        "36":0.6914624572,
        "37":0.6916732192,
        "38":0.6915820241,
        "39":0.6913282871,
        "40":0.6911116242,
        "41":0.691367209,
        "42":0.6910942197,
        "43":0.6911464334,
        "44":0.6918309927,
        "45":0.6914168596,
        "46":0.6916072965,
        "47":0.6914712191,
        "48":0.6915284395,
        "49":0.6919441223,
        "50":0.6915892959,
        "51":0.6917597651,
        "52":0.6918420196,
        "53":0.6914492846,
        "54":0.6916720271,
        "55":0.6916722655,
        "56":0.6914880276,
        "57":0.6919703484,
        "58":0.6918154359,
        "59":0.6917585135,
        "60":0.6920152307,
        "61":0.6919690967,
        "62":0.6917881966,
        "63":0.6914435625,
        "64":0.6917431951,
        "65":0.6920741796,
        "66":0.6918652654,
        "67":0.6924068928,
        "68":0.6922880411,
        "69":0.6916818023,
        "70":0.6921348572,
        "71":0.6921344399,
        "72":0.6922057867,
        "73":0.6919611692,
        "74":0.6920005083,
        "75":0.6921389103,
        "76":0.6926473379,
        "77":0.6922569871,
        "78":0.6926227212,
        "79":0.6926319003,
        "80":0.692240715,
        "81":0.6925488114,
        "82":0.6928289533,
        "83":0.6930345893,
        "84":0.6925009489,
        "85":0.692810595,
        "86":0.6924635172,
        "87":0.6925336719,
        "88":0.692127049,
        "89":0.6926186085,
        "90":0.6927095652,
        "91":0.6926544905,
        "92":0.6930682659,
        "93":0.6929887533,
        "94":0.6927025914,
        "95":0.6928722858,