{
    "loss":{
        "0":1.4187867641,
        "1":0.9265655279,
        "2":0.804263413,
        "3":0.7550007701,
        "4":0.7278755903,
        "5":0.7144912481,
        "6":0.7058589458,
        "7":0.7008680105,
        "8":0.6981918216,
        "9":0.6964857578,
        "10":0.6955536008,
        "11":0.6939966083,
        "12":0.693756938,
        "13":0.6939433217,
        "14":0.6940355897,
        "15":0.6928818226,
        "16":0.6929795146,
        "17":0.6923169494,
        "18":0.6928461194,
        "19":0.6910953522,
        "20":0.6913497448,
        "21":0.6914767027,
        "22":0.6914749146,
        "23":0.6910378933,
        "24":0.6913482547,
        "25":0.6914921999,
        "26":0.6902855635,
        "27":0.6909870505,
        "28":0.6901221871,
        "29":0.6905960441,
        "30":0.6901404858,
        "31":0.689811945,
        "32":0.6900953054,
        "33":0.6902421713,
        "34":0.6896545291,
        "35":0.6896342635,
        "36":0.6896032095,
        "37":0.6890502572,
        "38":0.6893017292,
        "39":0.6892059445,
        "40":0.6891547441,
        "41":0.6886968017,
        "42":0.6888477802,
        "43":0.688911438,
        "44":0.6882436275,
        "45":0.6885516644,
        "46":0.6885359287,
        "47":0.6879136562,
        "48":0.6886316538,
        "49":0.6875222325,
        "50":0.6880648732,
        "51":0.687143445,
        "52":0.6878288388,
        "53":0.6870290041,
        "54":0.687248528,
        "55":0.6870408058,
        "56":0.68762362,
        "57":0.6869757175,
        "58":0.6876627803,
        "59":0.6872643828,
        "60":0.6867039204,
        "61":0.6867955327,
        "62":0.6861351728,
        "63":0.6866226792,
        "64":0.6859494448,
        "65":0.6862475872,
        "66":0.6860601902,
        "67":0.6860370636,
        "68":0.6859969497,
        "69":0.6863242388,
        "70":0.6840428114,
        "71":0.6851761937,
        "72":0.6863991022,
        "73":0.6851261854,
        "74":0.6846616864,
        "75":0.6850985885,
        "76":0.684322238,
        "77":0.6849800944,
        "78":0.6843577623,
        "79":0.6845263243,
        "80":0.6849223375,
        "81":0.6840013862,
        "82":0.6840426326,
        "83":0.6839277744,
        "84":0.6833612323,
        "85":0.6825717688,
        "86":0.6837316751,
        "87":0.6821230054,
        "88":0.6821822524,
        "89":0.6827424765,
        "90":0.6825960875,
        "91":0.6823991537,
        "92":0.6820979714,
        "93":0.6815137863,
        "94":0.6821059585,
        "95":0.6830536127,
        "96":0.6807783246,
        "97":0.6812054515,
        "98":0.6815131307,
        "99":0.6813311577
    },
    "accuracy":{
        "0":0.5049315095,
        "1":0.5032667518,
        "2":0.51102525,
        "3":0.5062193871,
        "4":0.5115278363,
        "5":0.5060937405,
        "6":0.5113079548,
        "7":0.5125015974,
        "8":0.5142920017,
        "9":0.5182498097,
        "10":0.5144804716,
        "11":0.5177158117,
        "12":0.5205428004,
        "13":0.5156740546,
        "14":0.5164279342,
        "15":0.5197889209,
        "16":0.5195690393,
        "17":0.5244063139,
        "18":0.5205742121,
        "19":0.5292750597,
        "20":0.5269191861,
        "21":0.528175652,
        "22":0.5251287818,
        "23":0.5256313682,
        "24":0.5215793252,
        "25":0.525819838,
        "26":0.5322591066,
        "27":0.5274217725,
        "28":0.5308141708,
        "29":0.5285211802,
        "30":0.5293064713,
        "31":0.5320078135,
        "32":0.5305628777,
        "33":0.5320078135,
        "34":0.5323846936,
        "35":0.5358399153,
        "36":0.5379758477,
        "37":0.5348348022,
        "38":0.5341123343,
        "39":0.5340809226,
        "40":0.537379086,
        "41":0.5378502607,
        "42":0.5335155129,
        "43":0.5375047326,
        "44":0.5356514454,
        "45":0.5359655619,
        "46":0.540268898,
        "47":0.5414310694,
        "48":0.5354001522,
        "49":0.5419022441,
        "50":0.5424362421,
        "51":0.5406458378,
        "52":0.540363133,
        "53":0.5428760052,
        "54":0.5389181972,
        "55":0.5430958867,
        "56":0.5404573679,
        "57":0.5444151163,
        "58":0.5421849489,
        "59":0.5399547815,
        "60":0.5437868834,
        "61":0.5419022441,
        "62":0.5462998152,
        "63":0.5432529449,
        "64":0.5486242175,
        "65":0.5446978211,
        "66":0.5440381765,
        "67":0.5459228754,
        "68":0.5460799336,
        "69":0.544886291,
        "70":0.5546551347,
        "71":0.5491581559,
        "72":0.544980526,
        "73":0.5448234677,
        "74":0.5494408607,
        "75":0.5478075147,
        "76":0.5518909693,
        "77":0.5486870408,
        "78":0.5492523909,
        "79":0.5477446914,
        "80":0.5477132797,
        "81":0.5517653227,
        "82":0.5506345034,
        "83":0.554089725,
        "84":0.5517024994,
        "85":0.5571365952,
        "86":0.55076015,
        "87":0.558801353,
        "88":0.5578590035,
        "89":0.5533986688,
        "90":0.5536185503,
        "91":0.5550006032,
        "92":0.5557544827,
        "93":0.5582987666,
        "94":0.5581417084,
        "95":0.5527390242,
        "96":0.5567910671,
        "97":0.5544038415,
        "98":0.5598065257,
        "99":0.5566025972
    },
    "val_loss":{
        "0":1.0107780695,
        "1":0.8210586309,
        "2":0.7611908317,
        "3":0.7262282968,
        "4":0.7087674737,
        "5":0.6999343634,
        "6":0.6981404424,
        "7":0.6949670315,
        "8":0.6929178834,
        "9":0.6921614408,
        "10":0.6915892959,
        "11":0.6911874413,
        "12":0.6914918423,
        "13":0.6910889149,
        "14":0.6913217306,
        "15":0.6909986138,
        "16":0.6912455559,
        "17":0.6913329363,
        "18":0.6912236214,
        "19":0.6913190484,
        "20":0.6912769079,
        "21":0.6907739639,
        "22":0.6910421848,
        "23":0.6909961104,
        "24":0.6910493374,
        "25":0.691093564,
        "26":0.690967083,
        "27":0.6907226443,
        "28":0.690476656,
        "29":0.6902446747,
        "30":0.6907780766,
        "31":0.6906322837,
        "32":0.6904312372,
        "33":0.690566659,
        "34":0.6906177402,
        "35":0.6903701425,
        "36":0.6903632879,
        "37":0.6907253861,
        "38":0.6907394528,
        "39":0.6904094815,
        "40":0.6906821132,
        "41":0.6905149221,
        "42":0.6906545162,
        "43":0.6904700994,
        "44":0.6906493306,
        "45":0.6903725863,
        "46":0.6907101274,
        "47":0.6906056404,
        "48":0.6905240417,
        "49":0.6907779574,
        "50":0.6910158992,
        "51":0.6911323667,
        "52":0.69117558,
        "53":0.6907746792,
        "54":0.6909142137,
        "55":0.6912583709,
        "56":0.690659225,
        "57":0.6908086538,
        "58":0.6909865141,
        "59":0.6910257936,
        "60":0.6912218332,
        "61":0.6908524036,
        "62":0.6913098097,
        "63":0.6916173697,
        "64":0.6917987466,
        "65":0.6920545101,
        "66":0.6917750239,
        "67":0.6916824579,
        "68":0.6918532848,
        "69":0.6917151809,
        "70":0.6916425228,
        "71":0.6919774413,
        "72":0.6920085549,
        "73":0.6917566061,
        "74":0.6920426488,
        "75":0.6925071478,
        "76":0.6922178268,
        "77":0.6920082569,
        "78":0.6920605302,
        "79":0.6920955181,
        "80":0.6921830773,
        "81":0.6922153234,
        "82":0.6928380132,
        "83":0.6925675273,
        "84":0.6932060122,
        "85":0.693031311,
        "86":0.6928873658,
        "87":0.6936112046,
        "88":0.6937267184,
        "89":0.6936131716,
        "90":0.6932811737,
        "91":0.6939678788,
        "92":0.6937110424,
        "93":0.6931229234,
        "94":0.6932933331,
        "95":0.693505764,