{
    "loss":{
        "0":1.4174509048,
        "1":0.9133640528,
        "2":0.7987437844,
        "3":0.751932621,
        "4":0.724298954,
        "5":0.7123224735,
        "6":0.7043620944,
        "7":0.7011941671,
        "8":0.6974660754,
        "9":0.6973614693,
        "10":0.6951693296,
        "11":0.6955233812,
        "12":0.6933963895,
        "13":0.6938714385,
        "14":0.6931515932,
        "15":0.6929498911,
        "16":0.6931769848,
        "17":0.6922158599,
        "18":0.6928607821,
        "19":0.6920684576,
        "20":0.6920242906,
        "21":0.6915531754,
        "22":0.6920708418,
        "23":0.6910859346,
        "24":0.691259563,
        "25":0.6912284493,
        "26":0.6914386749,
        "27":0.6906833053,
        "28":0.6913279295,
        "29":0.6905617118,
        "30":0.691074729,
        "31":0.6913709641,
        "32":0.6899364591,
        "33":0.6899800301,
        "34":0.6907488108,
        "35":0.6893875003,
        "36":0.6893720627,
        "37":0.6897993088,
        "38":0.6889770031,
        "39":0.6898651719,
        "40":0.6895927787,
        "41":0.6896790862,
        "42":0.6893545985,
        "43":0.6891964674,
        "44":0.6894731522,
        "45":0.6892575026,
        "46":0.6892423034,
        "47":0.6889545918,
        "48":0.689047575,
        "49":0.6885632873,
        "50":0.6887664199,
        "51":0.6885918379,
        "52":0.6881736517,
        "53":0.6878403425,
        "54":0.6882478595,
        "55":0.6882867813,
        "56":0.6883628368,
        "57":0.6877941489,
        "58":0.6877562404,
        "59":0.6881463528,
        "60":0.6872736812,
        "61":0.6875494719,
        "62":0.6878020763,
        "63":0.6877687573,
        "64":0.6867265105,
        "65":0.6870245934,
        "66":0.6870779395,
        "67":0.6867701411,
        "68":0.6868940592,
        "69":0.6868411899,
        "70":0.6866773367,
        "71":0.6857813001,
        "72":0.68662709,
        "73":0.6858401299,
        "74":0.6863751411,
        "75":0.6861982346,
        "76":0.6860102415,
        "77":0.6857321262,
        "78":0.6859237552,
        "79":0.6855663061,
        "80":0.6857015491,
        "81":0.6856352687,
        "82":0.6848934293,
        "83":0.6843678355,
        "84":0.6846752167,
        "85":0.6848400235,
        "86":0.6851504445,
        "87":0.6843652129,
        "88":0.6851587892,
        "89":0.6843950152,
        "90":0.6842561364,
        "91":0.6847284436,
        "92":0.684845686,
        "93":0.683934629,
        "94":0.6843799949,
        "95":0.6836006641,
        "96":0.6841510534,
        "97":0.683670342,
        "98":0.6832582355,
        "99":0.6843132973
    },
    "accuracy":{
        "0":0.5037065148,
        "1":0.5111508965,
        "2":0.5090149641,
        "3":0.5076328516,
        "4":0.5121560693,
        "5":0.5135381222,
        "6":0.513820827,
        "7":0.5108053684,
        "8":0.5168048739,
        "9":0.5151401162,
        "10":0.5204485655,
        "11":0.5134124756,
        "12":0.5227729678,
        "13":0.52186203,
        "14":0.5223332047,
        "15":0.5207312703,
        "16":0.5212023854,
        "17":0.5248774886,
        "18":0.5205113888,
        "19":0.5278929472,
        "20":0.5250031352,
        "21":0.527107656,
        "22":0.5229928493,
        "23":0.5278929472,
        "24":0.5314109921,
        "25":0.5278929472,
        "26":0.5288981199,
        "27":0.5335469246,
        "28":0.5307827592,
        "29":0.5307513475,
        "30":0.5263538361,
        "31":0.5254114866,
        "32":0.5337353945,
        "33":0.5347405672,
        "34":0.5279871821,
        "35":0.5378502607,
        "36":0.5331699848,
        "37":0.5314738154,
        "38":0.5361540318,
        "39":0.5355572104,
        "40":0.536845088,
        "41":0.535023272,
        "42":0.533955276,
        "43":0.5382271409,
        "44":0.5358399153,
        "45":0.5354315639,
        "46":0.5382271409,
        "47":0.5364367366,
        "48":0.5373162627,
        "49":0.5405201912,
        "50":0.5414938927,
        "51":0.5389496088,
        "52":0.5427503586,
        "53":0.5437554717,
        "54":0.5403003097,
        "55":0.5399861932,
        "56":0.5418080091,
        "57":0.5442894697,
        "58":0.5423734188,
        "59":0.5450433493,
        "60":0.5439125299,
        "61":0.5427817702,
        "62":0.543818295,
        "63":0.5434100032,
        "64":0.5443837047,
        "65":0.5437240601,
        "66":0.5455459356,
        "67":0.5455459356,
        "68":0.5468023419,
        "69":0.5455459356,
        "70":0.5474933982,
        "71":0.5495350957,
        "72":0.5470850468,
        "73":0.547870338,
        "74":0.5453574657,
        "75":0.546048522,
        "76":0.549503684,
        "77":0.5474305749,
        "78":0.5463939905,
        "79":0.5467709303,
        "80":0.5496293306,
        "81":0.548938334,
        "82":0.5522364378,
        "83":0.554717958,
        "84":0.5525191426,
        "85":0.5495665073,
        "86":0.5517024994,
        "87":0.5522364378,
        "88":0.5522678494,
        "89":0.5509172082,
        "90":0.556445539,
        "91":0.5540583134,
        "92":0.5510428548,
        "93":0.5522678494,
        "94":0.5535871387,
        "95":0.5533358455,
        "96":0.5538070202,
        "97":0.5538698435,
        "98":0.5553461313,
        "99":0.5520479679
    },
    "val_loss":{
        "0":1.0045075417,
        "1":0.8122940063,
        "2":0.7508642077,
        "3":0.7217004299,
        "4":0.705771327,
        "5":0.6982921958,
        "6":0.6937013865,
        "7":0.6917552948,
        "8":0.6914981008,
        "9":0.6902076602,
        "10":0.6899032593,
        "11":0.690593183,
        "12":0.6900330782,
        "13":0.690380156,
        "14":0.690181613,
        "15":0.6895006895,
        "16":0.6899969578,
        "17":0.6898399591,
        "18":0.6900062561,
        "19":0.6898921132,
        "20":0.6900948286,
        "21":0.6896967888,
        "22":0.6895380616,
        "23":0.691059649,
        "24":0.6892256141,
        "25":0.6896212101,
        "26":0.689152956,
        "27":0.6892781854,
        "28":0.6890204549,
        "29":0.6892175078,
        "30":0.6892516613,
        "31":0.6889115572,
        "32":0.6887571216,
        "33":0.6891349554,
        "34":0.6891044974,
        "35":0.6892639399,
        "36":0.688998282,
        "37":0.6893914938,
        "38":0.6893273592,
        "39":0.6888536811,
        "40":0.6893276572,
        "41":0.6892139316,
        "42":0.6891922355,
        "43":0.6892361641,
        "44":0.6892413497,
        "45":0.6892753243,
        "46":0.6888080239,
        "47":0.6892515421,
        "48":0.6892212629,
        "49":0.6894714236,
        "50":0.6893595457,
        "51":0.6893144846,
        "52":0.6891898513,
        "53":0.6891332865,
        "54":0.6893740892,
        "55":0.6897702813,
        "56":0.6888312101,
        "57":0.6889564991,
        "58":0.6894005537,
        "59":0.6893669963,
        "60":0.6893867254,
        "61":0.689458847,
        "62":0.6893512011,
        "63":0.6892341971,
        "64":0.6895688772,
        "65":0.6899705529,
        "66":0.6890771985,
        "67":0.6897417307,
        "68":0.689438045,
        "69":0.6892628074,
        "70":0.6893405914,
        "71":0.6902682781,
        "72":0.6893768311,
        "73":0.6898626089,
        "74":0.6899518371,
        "75":0.6901140809,
        "76":0.689452529,
        "77":0.6898424625,
        "78":0.6896585226,
        "79":0.689864397,
        "80":0.689922452,
        "81":0.6897311211,
        "82":0.6891770959,
        "83":0.6892382503,
        "84":0.6893915534,
        "85":0.6897797585,
        "86":0.6896530986,
        "87":0.6895436049,
        "88":0.6896376014,
        "89":0.6901421547,
        "90":0.6905955672,
        "91":0.6900767088,
        "92":0.6902672052,
        "93":0.6901997924,
        "94":0.6896167994,
        "95":0.6900185347,