{
    "loss":{
        "0":1.3950033188,
        "1":0.8946895599,
        "2":0.7758724093,
        "3":0.7310132384,
        "4":0.71005404,
        "5":0.6973509192,
        "6":0.6932661533,
        "7":0.6893646717,
        "8":0.6881785393,
        "9":0.687676847,
        "10":0.6851553321,
        "11":0.6857833862,
        "12":0.686109066,
        "13":0.684188664,
        "14":0.6837064028,
        "15":0.6830706596,
        "16":0.683668673,
        "17":0.6842466593,
        "18":0.6831104159,
        "19":0.68359375,
        "20":0.6823277473,
        "21":0.6822679043,
        "22":0.6803367734,
        "23":0.6813660264,
        "24":0.6820524931,
        "25":0.6800178289,
        "26":0.6810424328,
        "27":0.6809907556,
        "28":0.6803509593,
        "29":0.6807001233,
        "30":0.6792879701,
        "31":0.6808930039,
        "32":0.6798454523,
        "33":0.6794756055,
        "34":0.6792020202,
        "35":0.6802515984,
        "36":0.679151237,
        "37":0.6799324155,
        "38":0.6788442135,
        "39":0.6792744994,
        "40":0.6780249476,
        "41":0.6786104441,
        "42":0.6788212657,
        "43":0.6784049869,
        "44":0.6786578298,
        "45":0.6778197885,
        "46":0.6782292724,
        "47":0.678103447,
        "48":0.677769959,
        "49":0.6772121787,
        "50":0.6774007082,
        "51":0.6779534817,
        "52":0.6770424843,
        "53":0.6767346263,
        "54":0.6772665977,
        "55":0.6762735844,
        "56":0.6763253808,
        "57":0.675675869,
        "58":0.6769616604,
        "59":0.6758862138,
        "60":0.6756406426,
        "61":0.676887393,
        "62":0.6753439307,
        "63":0.6755310893,
        "64":0.6760106087,
        "65":0.6759089231,
        "66":0.67486763,
        "67":0.6755479574,
        "68":0.675270319,
        "69":0.6762052178,
        "70":0.6751025319,
        "71":0.6750615835,
        "72":0.6754081845,
        "73":0.6736582518,
        "74":0.6737048626,
        "75":0.6746539474,
        "76":0.67422539,
        "77":0.6742792726,
        "78":0.6736835241,
        "79":0.6737248898,
        "80":0.673922658,
        "81":0.6734815836,
        "82":0.6738889813,
        "83":0.6742073894,
        "84":0.6740189195,
        "85":0.6735070348,
        "86":0.6736869812,
        "87":0.6730177999,
        "88":0.672761023,
        "89":0.6734389067,
        "90":0.6728459597,
        "91":0.6718619466,
        "92":0.673119843,
        "93":0.6719747782,
        "94":0.6720587015,
        "95":0.6725537777,
        "96":0.671744287,
        "97":0.6721785069,
        "98":0.6717556715,
        "99":0.671954453
    },
    "accuracy":{
        "0":0.5257256031,
        "1":0.530625701,
        "2":0.538572669,
        "3":0.5404887795,
        "4":0.5435984135,
        "5":0.5476504564,
        "6":0.5487184525,
        "7":0.5489069223,
        "8":0.5545923114,
        "9":0.5519223809,
        "10":0.5569481254,
        "11":0.5562884808,
        "12":0.5550006032,
        "13":0.5579218268,
        "14":0.5600578189,
        "15":0.5620366931,
        "16":0.5602777004,
        "17":0.5596180558,
        "18":0.5617539883,
        "19":0.5613770485,
        "20":0.5624764562,
        "21":0.5660886765,
        "22":0.5678477287,
        "23":0.5686330199,
        "24":0.5646752119,
        "25":0.5689156651,
        "26":0.5647066236,
        "27":0.5677849054,
        "28":0.5686958432,
        "29":0.5682246685,
        "30":0.5710830688,
        "31":0.5670310259,
        "32":0.5670310259,
        "33":0.5698266029,
        "34":0.5681618452,
        "35":0.5697637796,
        "36":0.5699522495,
        "37":0.5713029504,
        "38":0.5724651217,
        "39":0.5700464845,
        "40":0.5719625354,
        "41":0.567470789,
        "42":0.5724022985,
        "43":0.5720253587,
        "44":0.570894599,
        "45":0.572088182,
        "46":0.5739100575,
        "47":0.5735959411,
        "48":0.5741299391,
        "49":0.5745382309,
        "50":0.5756376386,
        "51":0.5724651217,
        "52":0.574443996,
        "53":0.5778049827,
        "54":0.5738158226,
        "55":0.5749151707,
        "56":0.5752292871,
        "57":0.577208221,
        "58":0.5760145783,
        "59":0.577208221,
        "60":0.5780876875,
        "61":0.5748523474,
        "62":0.5775222778,
        "63":0.5797210932,
        "64":0.5791556835,
        "65":0.5768626928,
        "66":0.578841567,
        "67":0.5793127418,
        "68":0.5775222778,
        "69":0.578841567,
        "70":0.5798153281,
        "71":0.5778992176,
        "72":0.5813230276,
        "73":0.5816685557,
        "74":0.5815114975,
        "75":0.5809460878,
        "76":0.5814172626,
        "77":0.5816057324,
        "78":0.583553195,
        "79":0.5822025537,
        "80":0.5821083188,
        "81":0.5820769072,
        "82":0.578307569,
        "83":0.5796268582,
        "84":0.5795954466,
        "85":0.5829877853,
        "86":0.5804120898,
        "87":0.5833961368,
        "88":0.5837730765,
        "89":0.5815743208,
        "90":0.5821397305,
        "91":0.5860974789,
        "92":0.5825166702,
        "93":0.5824224353,
        "94":0.5858461857,
        "95":0.5853750706,
        "96":0.583553195,
        "97":0.5827365518,
        "98":0.5839301348,
        "99":0.5867571235
    },
    "val_loss":{
        "0":0.9933792949,
        "1":0.7993825078,
        "2":0.7356995344,
        "3":0.7080492377,
        "4":0.6944406033,
        "5":0.6898316145,
        "6":0.685824275,
        "7":0.6849187016,
        "8":0.6844748259,
        "9":0.6837130189,
        "10":0.6837447882,
        "11":0.683798492,
        "12":0.6833443046,
        "13":0.6834072471,
        "14":0.6827604771,
        "15":0.6826179028,
        "16":0.6827256083,
        "17":0.6831484437,
        "18":0.6829664111,
        "19":0.6825037003,
        "20":0.6828550696,
        "21":0.6827090383,
        "22":0.6830323935,
        "23":0.6821966171,
        "24":0.6818879843,
        "25":0.6820160151,
        "26":0.6818014979,
        "27":0.6819099784,
        "28":0.6821107864,
        "29":0.68140167,
        "30":0.6816381216,
        "31":0.6822098494,
        "32":0.6815261841,
        "33":0.6817427278,
        "34":0.6814504862,
        "35":0.6818942428,
        "36":0.6811133027,
        "37":0.6814327836,
        "38":0.6813403368,
        "39":0.6814638972,
        "40":0.6813006401,
        "41":0.6811128855,
        "42":0.6812487245,
        "43":0.6812343597,
        "44":0.6811802387,
        "45":0.6810776591,
        "46":0.6808270812,
        "47":0.680681169,
        "48":0.6807585955,
        "49":0.6808948517,
        "50":0.6805489063,
        "51":0.681008935,
        "52":0.6807652712,
        "53":0.6813576221,
        "54":0.6812366843,
        "55":0.681281209,
        "56":0.6812468171,
        "57":0.6805745363,
        "58":0.6806004643,
        "59":0.6811093092,
        "60":0.6807987094,
        "61":0.6808629632,
        "62":0.6808982491,
        "63":0.6811439395,
        "64":0.6810830235,
        "65":0.6810560822,
        "66":0.6806795001,
        "67":0.6807850003,
        "68":0.6808441877,
        "69":0.6805941463,
        "70":0.6811007261,
        "71":0.6807367206,
        "72":0.6804973483,
        "73":0.6806299686,
        "74":0.6808815598,
        "75":0.6807380915,
        "76":0.6811320186,
        "77":0.6803164482,
        "78":0.681261301,
        "79":0.6805508733,
        "80":0.6803842783,
        "81":0.6813176274,
        "82":0.680793643,
        "83":0.6801255345,
        "84":0.6803663373,
        "85":0.6801664829,
        "86":0.6804923415,
        "87":0.6811341047,
        "88":0.6815982461,
        "89":0.6806038618,
        "90":0.6801453233,
        "91":0.6808142662,
        "92":0.68102175,
        "93":0.6812695861,
        "94":0.6812263727,
        "95":0.6808844209,