{
    "loss":{
        "0":1.4221304655,
        "1":0.9251118898,
        "2":0.8084194064,
        "3":0.7597756982,
        "4":0.7308091521,
        "5":0.7160859108,
        "6":0.7069908381,
        "7":0.7016551495,
        "8":0.699470222,
        "9":0.6976860166,
        "10":0.6961554885,
        "11":0.6960437894,
        "12":0.694222331,
        "13":0.6946561933,
        "14":0.6948846579,
        "15":0.6943923235,
        "16":0.6941872239,
        "17":0.6934792399,
        "18":0.6930709481,
        "19":0.6930701137,
        "20":0.6924956441,
        "21":0.6922604442,
        "22":0.692088306,
        "23":0.6914542317,
        "24":0.691619575,
        "25":0.6912232637,
        "26":0.6921461821,
        "27":0.6913376451,
        "28":0.6913314462,
        "29":0.6905898452,
        "30":0.6907587051,
        "31":0.6908529997,
        "32":0.6905996799,
        "33":0.6906176805,
        "34":0.690148294,
        "35":0.6902391911,
        "36":0.6901766062,
        "37":0.6899372935,
        "38":0.690248847,
        "39":0.6898425221,
        "40":0.6894173026,
        "41":0.6892876625,
        "42":0.6892190576,
        "43":0.6891069412,
        "44":0.6886355281,
        "45":0.6887178421,
        "46":0.6885899305,
        "47":0.6885849833,
        "48":0.6884180307,
        "49":0.687826097,
        "50":0.6883741021,
        "51":0.688400805,
        "52":0.6881636381,
        "53":0.6879111528,
        "54":0.6875132322,
        "55":0.6869894266,
        "56":0.6878759861,
        "57":0.6875610352,
        "58":0.6880519986,
        "59":0.6868661642,
        "60":0.6873868108,
        "61":0.6865468025,
        "62":0.686686039,
        "63":0.6853731871,
        "64":0.6866731048,
        "65":0.6868720055,
        "66":0.6860311031,
        "67":0.6865341067,
        "68":0.6855531335,
        "69":0.6857275963,
        "70":0.685323894,
        "71":0.685716629,
        "72":0.6848470569,
        "73":0.6855373979,
        "74":0.6863315105,
        "75":0.6856377125,
        "76":0.685870111,
        "77":0.6845819354,
        "78":0.6840521693,
        "79":0.6841129065,
        "80":0.6849001646,
        "81":0.6852930188,
        "82":0.6842671037,
        "83":0.684011519,
        "84":0.6845443845,
        "85":0.6840848327,
        "86":0.6838449836,
        "87":0.6839353442,
        "88":0.682988286,
        "89":0.6836980581,
        "90":0.6837339401,
        "91":0.6830362678,
        "92":0.6840702891,
        "93":0.6829956174,
        "94":0.6834635139,
        "95":0.6828463078,
        "96":0.6825860143,
        "97":0.6827781796,
        "98":0.6824939251,
        "99":0.6828821898
    },
    "accuracy":{
        "0":0.5009737611,
        "1":0.5058110356,
        "2":0.5069104433,
        "3":0.5077270865,
        "4":0.5091720223,
        "5":0.5087950826,
        "6":0.509737432,
        "7":0.5136323571,
        "8":0.5109938383,
        "9":0.5115906596,
        "10":0.5145432949,
        "11":0.5158625245,
        "12":0.5194119811,
        "13":0.5163022876,
        "14":0.509737432,
        "15":0.5169619322,
        "16":0.5159253478,
        "17":0.5169619322,
        "18":0.5218306184,
        "19":0.5215165019,
        "20":0.5216421485,
        "21":0.5239351392,
        "22":0.520762682,
        "23":0.5250659585,
        "24":0.5278615355,
        "25":0.528269887,
        "26":0.5258512497,
        "27":0.5255999565,
        "28":0.5260083079,
        "29":0.5307827592,
        "30":0.5307199359,
        "31":0.5324789286,
        "32":0.5279871821,
        "33":0.5318193436,
        "34":0.532793045,
        "35":0.531065464,
        "36":0.5315366387,
        "37":0.532353282,
        "38":0.53213346,
        "39":0.5329815149,
        "40":0.5352745056,
        "41":0.5340809226,
        "42":0.5365309715,
        "43":0.5346463323,
        "44":0.5384156108,
        "45":0.5389181972,
        "46":0.534489274,
        "47":0.5389181972,
        "48":0.5397349,
        "49":0.5418708324,
        "50":0.5378502607,
        "51":0.5390752554,
        "52":0.541556716,
        "53":0.538572669,
        "54":0.5415881276,
        "55":0.5417451859,
        "56":0.5386983156,
        "57":0.5420278907,
        "58":0.5392637253,
        "59":0.5456087589,
        "60":0.5421535373,
        "61":0.5463312268,
        "62":0.5463312268,
        "63":0.5482158661,
        "64":0.5423105955,
        "65":0.5449491143,
        "66":0.5479017496,
        "67":0.5429074168,
        "68":0.5449177027,
        "69":0.5445093513,
        "70":0.5501633286,
        "71":0.5455459356,
        "72":0.5485613942,
        "73":0.5489697456,
        "74":0.5456087589,
        "75":0.5500690937,
        "76":0.5463939905,
        "77":0.5509172082,
        "78":0.5530845523,
        "79":0.5550006032,
        "80":0.5489069223,
        "81":0.5444779396,
        "82":0.5509800315,
        "83":0.5514512062,
        "84":0.5496293306,
        "85":0.5512313247,
        "86":0.5497549772,
        "87":0.552487731,
        "88":0.553555727,
        "89":0.5520479679,
        "90":0.5522050261,
        "91":0.5583615899,
        "92":0.5504146218,
        "93":0.555283308,
        "94":0.5553461313,
        "95":0.552393496,
        "96":0.5572622418,
        "97":0.5546865463,
        "98":0.554623723,
        "99":0.552393496
    },
    "val_loss":{
        "0":1.0095962286,
        "1":0.8241891861,
        "2":0.7596622705,
        "3":0.7292439938,
        "4":0.711463213,
        "5":0.7024682164,
        "6":0.6973379254,
        "7":0.6952863336,
        "8":0.6941493154,
        "9":0.6942951679,
        "10":0.6938024759,
        "11":0.6930412054,
        "12":0.6933413148,
        "13":0.6934079528,
        "14":0.6936029196,
        "15":0.6928209662,
        "16":0.6928152442,
        "17":0.6928620934,
        "18":0.692748785,
        "19":0.6923463345,
        "20":0.6926257014,
        "21":0.6927794218,
        "22":0.6926805973,
        "23":0.693179965,
        "24":0.6927697659,
        "25":0.6930304766,
        "26":0.6933995485,
        "27":0.6934906244,
        "28":0.6930381656,
        "29":0.6934010983,
        "30":0.6932575703,
        "31":0.6927869916,
        "32":0.6931872964,
        "33":0.6930155754,
        "34":0.6937476993,
        "35":0.6933187246,
        "36":0.6932963133,
        "37":0.6932056546,
        "38":0.6932745576,
        "39":0.6935302615,
        "40":0.6932142973,
        "41":0.6932460666,
        "42":0.6933395863,
        "43":0.6933833957,
        "44":0.6935636401,
        "45":0.6933873296,
        "46":0.6937036514,
        "47":0.6938047409,
        "48":0.6938647032,
        "49":0.6939558387,
        "50":0.6940954328,
        "51":0.6936637759,
        "52":0.6940746307,
        "53":0.6938337088,
        "54":0.6943112016,
        "55":0.6941827536,
        "56":0.6942598224,
        "57":0.6938823462,
        "58":0.693814218,
        "59":0.6940624714,
        "60":0.6942131519,
        "61":0.6942455769,
        "62":0.6940171719,
        "63":0.6945512891,
        "64":0.6945341229,
        "65":0.6944624782,
        "66":0.6948643923,
        "67":0.694231391,
        "68":0.6945291162,
        "69":0.6947655082,
        "70":0.6949803233,
        "71":0.6948366761,
        "72":0.6950849295,
        "73":0.6949121356,
        "74":0.694722712,
        "75":0.6949685812,
        "76":0.6947227716,
        "77":0.69494313,
        "78":0.694886148,
        "79":0.6954125166,
        "80":0.6950950027,
        "81":0.6952093244,
        "82":0.6954751611,
        "83":0.6956315041,
        "84":0.6954466105,
        "85":0.6954665184,
        "86":0.695478797,
        "87":0.6957317591,
        "88":0.6959841251,
        "89":0.6964753866,
        "90":0.6955598593,
        "91":0.6964036226,
        "92":0.695859611,
        "93":0.6957607269,
        "94":0.6957125068,
        "95":0.6956355572,