{
    "loss":{
        "0":0.7433766723,
        "1":0.7147964835,
        "2":0.7066984773,
        "3":0.7021683455,
        "4":0.69966048,
        "5":0.6969356537,
        "6":0.6965161562,
        "7":0.6942321062,
        "8":0.6942584515,
        "9":0.6938701868,
        "10":0.6934521794,
        "11":0.6927982569,
        "12":0.6928032637,
        "13":0.6923492551,
        "14":0.6922597885,
        "15":0.6916985512,
        "16":0.6915623546,
        "17":0.6910364628,
        "18":0.6910286546,
        "19":0.6910357475,
        "20":0.6906177402,
        "21":0.6902832985,
        "22":0.6900932789,
        "23":0.6904117465,
        "24":0.6897762418,
        "25":0.6904160976,
        "26":0.6893168688,
        "27":0.6891927719,
        "28":0.6892616153,
        "29":0.6893424988,
        "30":0.6892507672,
        "31":0.688462615,
        "32":0.6886333823,
        "33":0.6882144213,
        "34":0.6884722114,
        "35":0.6877723932,
        "36":0.6875234246,
        "37":0.6874049902,
        "38":0.6869315505,
        "39":0.6867653131,
        "40":0.6874220967,
        "41":0.6858705282,
        "42":0.6865081787,
        "43":0.6862020493,
        "44":0.6860801578,
        "45":0.6862296462,
        "46":0.6848519444,
        "47":0.6851132512,
        "48":0.684782505,
        "49":0.6852223277,
        "50":0.6844629645,
        "51":0.6835679412,
        "52":0.6837306619,
        "53":0.6832274795,
        "54":0.6825668216,
        "55":0.6822788715,
        "56":0.6815796494,
        "57":0.6816008687,
        "58":0.6817496419,
        "59":0.6808228493,
        "60":0.6810118556,
        "61":0.6806580424,
        "62":0.6796243191,
        "63":0.6796805859,
        "64":0.6780458093,
        "65":0.6786871552,
        "66":0.6787919998,
        "67":0.6786528826,
        "68":0.6781964898,
        "69":0.6776385903,
        "70":0.677062571,
        "71":0.6759393811,
        "72":0.6764584184,
        "73":0.6757682562,
        "74":0.6770973206,
        "75":0.6756921411,
        "76":0.6748904586,
        "77":0.6751984954,
        "78":0.6749401689,
        "79":0.6740590334,
        "80":0.6737040281,
        "81":0.6733435988,
        "82":0.6725109816,
        "83":0.6724385023,
        "84":0.672452867,
        "85":0.6714829206,
        "86":0.6708014011,
        "87":0.6702384353,
        "88":0.6702788472,
        "89":0.6708754897,
        "90":0.6685416102,
        "91":0.6687909961,
        "92":0.6686273813,
        "93":0.669131577,
        "94":0.6682066917,
        "95":0.6668094993,
        "96":0.6677982211,
        "97":0.6664669514,
        "98":0.6667797565,
        "99":0.66583395
    },
    "accuracy":{
        "0":0.5067021847,
        "1":0.5117906332,
        "2":0.5074324608,
        "3":0.5071732998,
        "4":0.5077622533,
        "5":0.508893013,
        "6":0.5109425187,
        "7":0.514570415,
        "8":0.5178685188,
        "9":0.5158661008,
        "10":0.5174208879,
        "11":0.5215905905,
        "12":0.5178685188,
        "13":0.5190935135,
        "14":0.5214963555,
        "15":0.5229098201,
        "16":0.5252891779,
        "17":0.5270088911,
        "18":0.5287050605,
        "19":0.525854528,
        "20":0.5280689597,
        "21":0.5295059681,
        "22":0.531696856,
        "23":0.5279276371,
        "24":0.5335108042,
        "25":0.5313199162,
        "26":0.5325213671,
        "27":0.5367853045,
        "28":0.532615602,
        "29":0.5340762138,
        "30":0.5350655913,
        "31":0.5379867554,
        "32":0.5387641788,
        "33":0.5394237638,
        "34":0.5378454328,
        "35":0.5381045341,
        "36":0.539565146,
        "37":0.5447713733,
        "38":0.5423449278,
        "39":0.54380548,
        "40":0.5418502092,
        "41":0.5501425266,
        "42":0.5457608104,
        "43":0.54764539,
        "44":0.5485170484,
        "45":0.5482343435,
        "46":0.551579535,
        "47":0.5488468409,
        "48":0.549836278,
        "49":0.5512025952,
        "50":0.5531814694,
        "51":0.5532050133,
        "52":0.5553252101,
        "53":0.5537939668,
        "54":0.5552074313,
        "55":0.5571862459,
        "56":0.5592358112,
        "57":0.5604843497,
        "58":0.5562204123,
        "59":0.5590473413,
        "60":0.5610261559,
        "61":0.5605785847,
        "62":0.5636882186,
        "63":0.566609323,
        "64":0.5684704185,
        "65":0.5645833611,
        "66":0.5611439347,
        "67":0.5643242598,
        "68":0.5663266778,
        "69":0.5661146045,
        "70":0.5703314543,
        "71":0.5706377029,
        "72":0.5705199242,
        "73":0.5703786016,
        "74":0.5710852742,
        "75":0.5719569325,
        "76":0.5742655993,
        "77":0.5731819272,
        "78":0.5725223422,
        "79":0.5773045421,
        "80":0.5762444139,
        "81":0.5775400996,
        "82":0.5762680173,
        "83":0.577139616,
        "84":0.5773516297,
        "85":0.5801078677,
        "86":0.5826521516,
        "87":0.5806968212,
        "88":0.5806968212,
        "89":0.581238687,
        "90":0.5839477777,
        "91":0.5848429799,
        "92":0.5836179852,
        "93":0.5846309662,
        "94":0.5858559608,
        "95":0.5863742232,
        "96":0.588753581,
        "97":0.5890833735,
        "98":0.5851727724,
        "99":0.5876934528
    },
    "val_loss":{
        "0":0.6945381761,
        "1":0.6922934055,
        "2":0.6922792196,
        "3":0.6920379996,
        "4":0.6928495169,
        "5":0.6929582953,
        "6":0.6926784515,
        "7":0.69251436,
        "8":0.6920691729,
        "9":0.6927409768,
        "10":0.6921345592,
        "11":0.6920497417,
        "12":0.6922091842,
        "13":0.6916055679,
        "14":0.6913963556,
        "15":0.6912508011,
        "16":0.6915673018,
        "17":0.6916092634,
        "18":0.6916679144,
        "19":0.6914465427,
        "20":0.6920487285,
        "21":0.6911142468,
        "22":0.6907661557,
        "23":0.6911514997,
        "24":0.6912338138,
        "25":0.6908501387,
        "26":0.6911313534,
        "27":0.6911246181,
        "28":0.6907436848,
        "29":0.6910811067,
        "30":0.6913142204,
        "31":0.6904267073,
        "32":0.6908199191,
        "33":0.6911652088,
        "34":0.6914969087,
        "35":0.690652132,
        "36":0.6909964681,
        "37":0.6904534698,
        "38":0.6909123063,
        "39":0.6907903552,
        "40":0.6907759309,
        "41":0.6907123923,
        "42":0.6911462545,
        "43":0.6908738613,
        "44":0.690911293,
        "45":0.6909993291,
        "46":0.6910617948,
        "47":0.6921530962,
        "48":0.6913204789,
        "49":0.6917285323,
        "50":0.6921316981,
        "51":0.6916456819,
        "52":0.6914681792,
        "53":0.6913440824,
        "54":0.6915712953,
        "55":0.6922544241,
        "56":0.6924797297,
        "57":0.6928671598,
        "58":0.6929975748,
        "59":0.6936709285,
        "60":0.6934945583,
        "61":0.6916680336,
        "62":0.6930070519,
        "63":0.6934191585,
        "64":0.6937109828,
        "65":0.6937994361,
        "66":0.6938783526,
        "67":0.6951771379,
        "68":0.694709003,
        "69":0.6943513751,
        "70":0.6951597929,
        "71":0.6960158944,
        "72":0.6957287192,
        "73":0.6973441243,
        "74":0.6964071393,
        "75":0.6972988248,
        "76":0.6967356801,
        "77":0.6974956393,
        "78":0.6979336143,
        "79":0.6970635653,
        "80":0.6983437538,
        "81":0.6965016723,
        "82":0.6980869174,
        "83":0.6990158558,
        "84":0.6999871731,
        "85":0.6985063553,
        "86":0.6995456815,
        "87":0.6998764277,
        "88":0.7000303268,
        "89":0.6996409893,
        "90":0.6995186806,
        "91":0.700889051,
        "92":0.7012679577,
        "93":0.7020214796,
        "94":0.6997496486,
        "95":0.7017205358,