{
    "loss":{
        "0":0.7493143678,
        "1":0.717574954,
        "2":0.708065331,
        "3":0.7027403712,
        "4":0.6995204687,
        "5":0.698546946,
        "6":0.697519958,
        "7":0.695014298,
        "8":0.6955240965,
        "9":0.6933013201,
        "10":0.6927678585,
        "11":0.6929362416,
        "12":0.6926547885,
        "13":0.6927340627,
        "14":0.6918434501,
        "15":0.6919548512,
        "16":0.6907981038,
        "17":0.6909288764,
        "18":0.6907704473,
        "19":0.6910117269,
        "20":0.6902506948,
        "21":0.6906564236,
        "22":0.6901732683,
        "23":0.6906756759,
        "24":0.6893555522,
        "25":0.689422965,
        "26":0.6897375584,
        "27":0.6891421676,
        "28":0.6892040372,
        "29":0.6886826754,
        "30":0.6878218055,
        "31":0.6884115338,
        "32":0.6882867217,
        "33":0.6882009506,
        "34":0.6876015663,
        "35":0.6878819466,
        "36":0.687726438,
        "37":0.6876918674,
        "38":0.6874462962,
        "39":0.6870689392,
        "40":0.6865164042,
        "41":0.6870574355,
        "42":0.6864823699,
        "43":0.6857590079,
        "44":0.6855396032,
        "45":0.6853476167,
        "46":0.6849171519,
        "47":0.685302496,
        "48":0.6846501231,
        "49":0.6842888594,
        "50":0.6845487356,
        "51":0.6836498976,
        "52":0.6834303141,
        "53":0.683493197,
        "54":0.6833990216,
        "55":0.6838565469,
        "56":0.6827659011,
        "57":0.6829862595,
        "58":0.6828846931,
        "59":0.6824001074,
        "60":0.6820565462,
        "61":0.6814922094,
        "62":0.680664897,
        "63":0.6810891628,
        "64":0.6806093454,
        "65":0.6813355088,
        "66":0.6796293259,
        "67":0.679903388,
        "68":0.679438591,
        "69":0.6786447167,
        "70":0.6782491207,
        "71":0.6788169742,
        "72":0.678475678,
        "73":0.6788005829,
        "74":0.6773373485,
        "75":0.6777843237,
        "76":0.6772752404,
        "77":0.6772625446,
        "78":0.67655617,
        "79":0.6763281226,
        "80":0.6755392551,
        "81":0.6759440303,
        "82":0.6739852428,
        "83":0.6755270362,
        "84":0.675088346,
        "85":0.6745125651,
        "86":0.6732681394,
        "87":0.6729922891,
        "88":0.6723198295,
        "89":0.6721682549,
        "90":0.6716973186,
        "91":0.6736655235,
        "92":0.6719815135,
        "93":0.6707041264,
        "94":0.6710926294,
        "95":0.6717968583,
        "96":0.6705074906,
        "97":0.6707624793,
        "98":0.6689989567,
        "99":0.670707345
    },
    "accuracy":{
        "0":0.5011896491,
        "1":0.5049824715,
        "2":0.5088459253,
        "3":0.5098824501,
        "4":0.5099295378,
        "5":0.5116257071,
        "6":0.5096939802,
        "7":0.5176800489,
        "8":0.5154185295,
        "9":0.5181747675,
        "10":0.5206483006,
        "11":0.5215905905,
        "12":0.5188108087,
        "13":0.5214492679,
        "14":0.5236165524,
        "15":0.5207189918,
        "16":0.5280925632,
        "17":0.5264199376,
        "18":0.528775692,
        "19":0.5268911123,
        "20":0.5327569842,
        "21":0.5281867385,
        "22":0.5311314464,
        "23":0.5266319513,
        "24":0.5326627493,
        "25":0.5332752466,
        "26":0.5335578918,
        "27":0.5321915746,
        "28":0.5332045555,
        "29":0.5364084244,
        "30":0.5417324305,
        "31":0.5379396677,
        "32":0.5389526486,
        "33":0.5380339026,
        "34":0.5394473076,
        "35":0.5394237638,
        "36":0.5389055014,
        "37":0.5391410589,
        "38":0.5410963893,
        "39":0.5447478294,
        "40":0.5430752039,
        "41":0.5408372283,
        "42":0.5435463786,
        "43":0.5467502475,
        "44":0.5459256768,
        "45":0.5463497639,
        "46":0.5492473245,
        "47":0.5470328927,
        "48":0.5517209172,
        "49":0.5524747372,
        "50":0.5467031002,
        "51":0.5512497425,
        "52":0.5521213412,
        "53":0.5549718738,
        "54":0.5522391796,
        "55":0.5519564748,
        "56":0.5552074313,
        "57":0.5541944504,
        "58":0.5553723574,
        "59":0.5553723574,
        "60":0.5549011827,
        "61":0.5580343604,
        "62":0.5580814481,
        "63":0.5573040843,
        "64":0.5575396419,
        "65":0.5603430271,
        "66":0.5619920492,
        "67":0.5604608059,
        "68":0.5622276068,
        "69":0.5653607845,
        "70":0.5634290576,
        "71":0.5622982979,
        "72":0.5654314756,
        "73":0.5619920492,
        "74":0.5643007159,
        "75":0.5656670332,
        "76":0.5661146045,
        "77":0.5686824322,
        "78":0.5697896481,
        "79":0.5675752163,
        "80":0.5686352849,
        "81":0.5711795092,
        "82":0.5718626976,
        "83":0.5699545145,
        "84":0.5723338723,
        "85":0.5721924901,
        "86":0.575396359,
        "87":0.5732526183,
        "88":0.5731819272,
        "89":0.5740064383,
        "90":0.5754670501,
        "91":0.5761501789,
        "92":0.5768098235,
        "93":0.5778228045,
        "94":0.5787415504,
        "95":0.5770689249,
        "96":0.5794718266,
        "97":0.5781761408,
        "98":0.5823222995,
        "99":0.5796602964
    },
    "val_loss":{
        "0":0.6957448721,
        "1":0.6939675808,
        "2":0.6921656132,
        "3":0.6929106712,
        "4":0.6917271018,
        "5":0.691759944,
        "6":0.6917303801,
        "7":0.6912807822,
        "8":0.6918287873,
        "9":0.6910687685,
        "10":0.6902614832,
        "11":0.6913459301,
        "12":0.6921280026,
        "13":0.6910946965,
        "14":0.6909962893,
        "15":0.6913261414,
        "16":0.6913432479,
        "17":0.690808773,
        "18":0.6909087896,
        "19":0.6905559301,
        "20":0.6908452511,
        "21":0.6908237338,
        "22":0.6908023953,
        "23":0.690546155,
        "24":0.6906661391,
        "25":0.6911449432,
        "26":0.6907221079,
        "27":0.689781785,
        "28":0.6899995804,
        "29":0.6903685331,
        "30":0.6902442575,
        "31":0.6901068687,
        "32":0.6911918521,
        "33":0.6900820136,
        "34":0.6901099086,
        "35":0.6920063496,
        "36":0.6904293895,
        "37":0.6915206313,
        "38":0.6912614107,
        "39":0.691272378,
        "40":0.6914286017,
        "41":0.6911941767,
        "42":0.6904360652,
        "43":0.6917715669,
        "44":0.6918309927,
        "45":0.6901578307,
        "46":0.6911861897,
        "47":0.6917172074,
        "48":0.6905761361,
        "49":0.6912907362,
        "50":0.692184031,
        "51":0.6928725839,
        "52":0.693056643,
        "53":0.6912908554,
        "54":0.690318644,
        "55":0.6912410259,
        "56":0.6915037036,
        "57":0.6930298805,
        "58":0.6924701929,
        "59":0.6932561994,
        "60":0.6920017004,
        "61":0.6929711699,
        "62":0.691726923,
        "63":0.692299068,
        "64":0.6921520829,
        "65":0.6915795803,
        "66":0.6939730048,
        "67":0.6938103437,
        "68":0.6924600005,
        "69":0.6933662295,
        "70":0.6945252419,
        "71":0.6943179965,
        "72":0.6954838037,
        "73":0.6944687963,
        "74":0.6937397718,
        "75":0.69428581,
        "76":0.694667995,
        "77":0.6932761669,
        "78":0.6931536198,
        "79":0.6948060393,
        "80":0.6959565878,
        "81":0.6961476803,
        "82":0.6974667907,
        "83":0.6957666278,
        "84":0.6954452991,
        "85":0.6961619258,
        "86":0.6962558627,
        "87":0.6972581148,
        "88":0.6971639395,
        "89":0.6972625852,
        "90":0.6976408958,
        "91":0.6970467567,
        "92":0.6977939606,
        "93":0.6983731985,
        "94":0.6975898743,
        "95":0.6989427209,