{
    "loss":{
        "0":0.73199296,
        "1":0.7093191147,
        "2":0.7015492916,
        "3":0.6992496252,
        "4":0.6968346834,
        "5":0.6957176328,
        "6":0.6941438913,
        "7":0.6934850812,
        "8":0.6927869916,
        "9":0.691578269,
        "10":0.6911557913,
        "11":0.691280663,
        "12":0.691008985,
        "13":0.6906225085,
        "14":0.6901025772,
        "15":0.6903072,
        "16":0.6907334924,
        "17":0.6901094913,
        "18":0.6899495721,
        "19":0.689764142,
        "20":0.6892555356,
        "21":0.6889010072,
        "22":0.6886357665,
        "23":0.6886093616,
        "24":0.6880722642,
        "25":0.6884518266,
        "26":0.6875725985,
        "27":0.6875559092,
        "28":0.6880930662,
        "29":0.687556982,
        "30":0.6874853969,
        "31":0.6867775321,
        "32":0.6869286895,
        "33":0.6866706014,
        "34":0.6860023141,
        "35":0.6862811446,
        "36":0.6863556504,
        "37":0.6861066222,
        "38":0.6848745346,
        "39":0.6859220266,
        "40":0.6850855947,
        "41":0.6853626966,
        "42":0.6844469309,
        "43":0.6841779351,
        "44":0.6843190193,
        "45":0.6840938926,
        "46":0.6833715439,
        "47":0.6840439439,
        "48":0.6834198236,
        "49":0.6832246184,
        "50":0.6822236776,
        "51":0.6822654605,
        "52":0.6823681593,
        "53":0.6814324856,
        "54":0.6819154024,
        "55":0.6818249822,
        "56":0.6812458038,
        "57":0.6805263758,
        "58":0.6816797853,
        "59":0.6797965169,
        "60":0.6805696487,
        "61":0.6804407835,
        "62":0.6798176765,
        "63":0.6793672442,
        "64":0.6787557006,
        "65":0.6779921055,
        "66":0.6778911948,
        "67":0.6783065796,
        "68":0.6773676276,
        "69":0.6780698895,
        "70":0.6767016053,
        "71":0.6752045751,
        "72":0.6756663918,
        "73":0.6758180857,
        "74":0.6753986478,
        "75":0.6751341224,
        "76":0.6754485369,
        "77":0.6743292809,
        "78":0.673713088,
        "79":0.67373842,
        "80":0.6740144491,
        "81":0.6733015776,
        "82":0.6720837355,
        "83":0.6724915504,
        "84":0.6727354527,
        "85":0.6707164645,
        "86":0.6711859107,
        "87":0.6700330973,
        "88":0.6705063581,
        "89":0.6695992351,
        "90":0.6687485576,
        "91":0.6685295105,
        "92":0.6682826877,
        "93":0.6677004695,
        "94":0.6677596569,
        "95":0.6678253412,
        "96":0.6671169996,
        "97":0.6651486754,
        "98":0.6663199663,
        "99":0.665599227
    },
    "accuracy":{
        "0":0.5082569718,
        "1":0.5103300214,
        "2":0.5142641664,
        "3":0.5169261694,
        "4":0.5160074234,
        "5":0.5180805326,
        "6":0.5225564837,
        "7":0.5215905905,
        "8":0.5218262076,
        "9":0.5293646455,
        "10":0.5306603312,
        "11":0.5282809734,
        "12":0.5275271535,
        "13":0.5291055441,
        "14":0.532709837,
        "15":0.5295531154,
        "16":0.5314141512,
        "17":0.5322858095,
        "18":0.5334872603,
        "19":0.5327805281,
        "20":0.5365968347,
        "21":0.5370209217,
        "22":0.5380574465,
        "23":0.5375627279,
        "24":0.5383636951,
        "25":0.541402638,
        "26":0.5446771383,
        "27":0.5418031216,
        "28":0.5430987477,
        "29":0.5422506928,
        "30":0.5429574251,
        "31":0.5438997149,
        "32":0.546820879,
        "33":0.5460906029,
        "34":0.5477867723,
        "35":0.5447006822,
        "36":0.546067059,
        "37":0.5470564961,
        "38":0.5509434938,
        "39":0.5454781055,
        "40":0.5479516387,
        "41":0.5483285785,
        "42":0.5527338982,
        "43":0.551579535,
        "44":0.5505900979,
        "45":0.5524747372,
        "46":0.5534405708,
        "47":0.5505665541,
        "48":0.5551367402,
        "49":0.5525454283,
        "50":0.5576574206,
        "51":0.5598718524,
        "52":0.5573276281,
        "53":0.5610026121,
        "54":0.5588588715,
        "55":0.5577281117,
        "56":0.5599896312,
        "57":0.5611439347,
        "58":0.5589295626,
        "59":0.5627223253,
        "60":0.5627458692,
        "61":0.5605550408,
        "62":0.5624396205,
        "63":0.5632170439,
        "64":0.56394732,
        "65":0.5663737655,
        "66":0.565949738,
        "67":0.5658319592,
        "68":0.5666564703,
        "69":0.5674338341,
        "70":0.5698131919,
        "71":0.5720040798,
        "72":0.5708732605,
        "73":0.5725223422,
        "74":0.5708968639,
        "75":0.5745011568,
        "76":0.5722396374,
        "77":0.5721454024,
        "78":0.5746189356,
        "79":0.5760088563,
        "80":0.5758439302,
        "81":0.5743126869,
        "82":0.5777992606,
        "83":0.5739828944,
        "84":0.5781997442,
        "85":0.5796367526,
        "86":0.581238687,
        "87":0.581238687,
        "88":0.5775400996,
        "89":0.5804848075,
        "90":0.5852434635,
        "91":0.5824636817,
        "92":0.5842304826,
        "93":0.5832646489,
        "94":0.5862329006,
        "95":0.5845602751,
        "96":0.5862329006,
        "97":0.5889420509,
        "98":0.5898136497,
        "99":0.5889420509
    },
    "val_loss":{
        "0":0.6934229732,
        "1":0.6927575469,
        "2":0.692152679,
        "3":0.6914307475,
        "4":0.6909108162,
        "5":0.6913985014,
        "6":0.6909475327,
        "7":0.6912656426,
        "8":0.6907975078,
        "9":0.6909636855,
        "10":0.6904334426,
        "11":0.6900235415,
        "12":0.6904654503,
        "13":0.689843297,
        "14":0.6906388402,
        "15":0.690677762,
        "16":0.6909692287,
        "17":0.690705359,
        "18":0.6909016371,
        "19":0.6909998655,
        "20":0.6909252405,
        "21":0.6910290718,
        "22":0.6905304193,
        "23":0.6907085776,
        "24":0.6909279227,
        "25":0.6910082102,
        "26":0.6907980442,
        "27":0.6912644506,
        "28":0.6910406351,
        "29":0.6913388968,
        "30":0.690879941,
        "31":0.6915900111,
        "32":0.6913540959,
        "33":0.6913275123,
        "34":0.6919983029,
        "35":0.6918379068,
        "36":0.6920343041,
        "37":0.6915009022,
        "38":0.6916652322,
        "39":0.6925312281,
        "40":0.6915518045,
        "41":0.6912280321,
        "42":0.6924431324,
        "43":0.6929077506,
        "44":0.693433404,
        "45":0.6927506924,
        "46":0.6941180825,
        "47":0.6933838725,
        "48":0.693025589,
        "49":0.6933552027,
        "50":0.6935048699,
        "51":0.6934232116,
        "52":0.6934108138,
        "53":0.6941217184,
        "54":0.6932969689,
        "55":0.6939225793,
        "56":0.6945517659,
        "57":0.6933590174,
        "58":0.6943349242,
        "59":0.6957163811,
        "60":0.6952511072,
        "61":0.6958319545,
        "62":0.6953399181,
        "63":0.6957604289,
        "64":0.695716083,
        "65":0.6972799301,
        "66":0.6959494352,
        "67":0.6950662136,
        "68":0.6971940398,
        "69":0.6964476109,
        "70":0.6976953149,
        "71":0.6980006099,
        "72":0.6973147988,
        "73":0.6970393062,
        "74":0.6980662942,
        "75":0.6978219151,
        "76":0.6975449324,
        "77":0.6975207329,
        "78":0.6998095512,
        "79":0.701143086,
        "80":0.6989168525,
        "81":0.6994999051,
        "82":0.6995031238,
        "83":0.6982841492,
        "84":0.7002052069,
        "85":0.6987110376,
        "86":0.700415194,
        "87":0.7032603025,
        "88":0.7011701465,
        "89":0.7024796009,
        "90":0.702378273,
        "91":0.7021058202,
        "92":0.7012344003,
        "93":0.7016541958,
        "94":0.7021433115,
        "95":0.7036544681,