{
    "loss":{
        "0":0.7518369555,
        "1":0.7198964357,
        "2":0.7099307179,
        "3":0.7016942501,
        "4":0.7023233771,
        "5":0.6978634,
        "6":0.696331501,
        "7":0.6960612535,
        "8":0.6950071454,
        "9":0.6947429776,
        "10":0.6941463947,
        "11":0.6929790378,
        "12":0.6932107806,
        "13":0.6929222345,
        "14":0.6925004125,
        "15":0.6916338801,
        "16":0.6919210553,
        "17":0.6909829974,
        "18":0.6911859512,
        "19":0.690764904,
        "20":0.6907197833,
        "21":0.6905063987,
        "22":0.6906635165,
        "23":0.6902474761,
        "24":0.6898454428,
        "25":0.6897631288,
        "26":0.6892883778,
        "27":0.6895227432,
        "28":0.6886488199,
        "29":0.6883707643,
        "30":0.6885415316,
        "31":0.688231945,
        "32":0.6872553229,
        "33":0.6884120107,
        "34":0.6875463724,
        "35":0.6870441437,
        "36":0.6870754361,
        "37":0.6868698001,
        "38":0.6863670945,
        "39":0.6865624785,
        "40":0.6858479977,
        "41":0.6853808165,
        "42":0.686350584,
        "43":0.6850452423,
        "44":0.6847751737,
        "45":0.684196651,
        "46":0.6851671934,
        "47":0.6839370131,
        "48":0.6836094856,
        "49":0.6844741106,
        "50":0.6839463115,
        "51":0.6840942502,
        "52":0.6825854182,
        "53":0.6823418736,
        "54":0.6818414927,
        "55":0.6816820502,
        "56":0.6814950705,
        "57":0.6805883646,
        "58":0.6809196472,
        "59":0.6810427904,
        "60":0.6801791191,
        "61":0.6806225777,
        "62":0.6791324019,
        "63":0.6790550947,
        "64":0.6784303188,
        "65":0.6783724427,
        "66":0.6781121492,
        "67":0.6782217026,
        "68":0.6774235964,
        "69":0.6780475378,
        "70":0.6762273908,
        "71":0.6770856977,
        "72":0.6763877869,
        "73":0.6754279733,
        "74":0.6745833755,
        "75":0.6743945479,
        "76":0.6748827696,
        "77":0.6745759249,
        "78":0.6734819412,
        "79":0.6750668287,
        "80":0.6729836464,
        "81":0.6736972928,
        "82":0.6727240086,
        "83":0.6728430986,
        "84":0.6720899343,
        "85":0.671566844,
        "86":0.6699310541,
        "87":0.6697160006,
        "88":0.6711740494,
        "89":0.6707172394,
        "90":0.6674699783,
        "91":0.6688376665,
        "92":0.6692309976,
        "93":0.6691381931,
        "94":0.6698691845,
        "95":0.6679868102,
        "96":0.6665125489,
        "97":0.6659257412,
        "98":0.6670837402,
        "99":0.6657514572
    },
    "accuracy":{
        "0":0.5058305264,
        "1":0.5038045645,
        "2":0.5045583844,
        "3":0.5144997239,
        "4":0.5058540702,
        "5":0.511908412,
        "6":0.5130391717,
        "7":0.5132511854,
        "8":0.5163608193,
        "9":0.5173031092,
        "10":0.5156305432,
        "11":0.519423306,
        "12":0.5180098414,
        "13":0.5193997622,
        "14":0.5193762183,
        "15":0.5237107873,
        "16":0.5247237682,
        "17":0.5271502137,
        "18":0.5251477957,
        "19":0.5257132053,
        "20":0.5264434814,
        "21":0.5277863145,
        "22":0.5291290879,
        "23":0.5297886729,
        "24":0.5325213671,
        "25":0.5297415853,
        "26":0.5326391459,
        "27":0.5313435197,
        "28":0.5376569629,
        "29":0.5365025997,
        "30":0.5358665586,
        "31":0.5389055014,
        "32":0.5393766761,
        "33":0.536714673,
        "34":0.5411199331,
        "35":0.5411199331,
        "36":0.5420858264,
        "37":0.5441353321,
        "38":0.5430281162,
        "39":0.5441117287,
        "40":0.5441588759,
        "41":0.5473155975,
        "42":0.5432636738,
        "43":0.549482882,
        "44":0.5465381742,
        "45":0.5485170484,
        "46":0.5487526059,
        "47":0.5493651032,
        "48":0.549482882,
        "49":0.5479280949,
        "50":0.5522627234,
        "51":0.5509905815,
        "52":0.5526632071,
        "53":0.5536290407,
        "54":0.5569036007,
        "55":0.5542179942,
        "56":0.5580814481,
        "57":0.5604136586,
        "58":0.5581285954,
        "59":0.5582228303,
        "60":0.5617564321,
        "61":0.5600603223,
        "62":0.5629107952,
        "63":0.5628636479,
        "64":0.5644184947,
        "65":0.5665386915,
        "66":0.5675752163,
        "67":0.5659732819,
        "68":0.5667742491,
        "69":0.5657141805,
        "70":0.5674574375,
        "71":0.5663973093,
        "72":0.5702607632,
        "73":0.5719804764,
        "74":0.5724987388,
        "75":0.5741478205,
        "76":0.5721454024,
        "77":0.5768569112,
        "78":0.5749487877,
        "79":0.5724281073,
        "80":0.5776814818,
        "81":0.5759381652,
        "82":0.576315105,
        "83":0.576574266,
        "84":0.5776343346,
        "85":0.577139616,
        "86":0.5791891217,
        "87":0.5801785588,
        "88":0.5810030699,
        "89":0.5773280859,
        "90":0.5858088732,
        "91":0.5826285481,
        "92":0.5822987556,
        "93":0.581238687,
        "94":0.583076179,
        "95":0.5856910348,
        "96":0.5881646276,
        "97":0.5877169967,
        "98":0.5863506794,
        "99":0.5877406001
    },
    "val_loss":{
        "0":0.6990885735,
        "1":0.6933311224,
        "2":0.6937173009,
        "3":0.6923018098,
        "4":0.691147387,
        "5":0.6915364265,
        "6":0.6908664107,
        "7":0.6914166808,
        "8":0.6912708879,
        "9":0.6916671395,
        "10":0.6917250752,
        "11":0.6918093562,
        "12":0.6915213466,
        "13":0.6913750172,
        "14":0.6915165186,
        "15":0.6916525364,
        "16":0.691563189,
        "17":0.6912357807,
        "18":0.6910223365,
        "19":0.6911759377,
        "20":0.6913301349,
        "21":0.6907743216,
        "22":0.6904512048,
        "23":0.6910777688,
        "24":0.6908223033,
        "25":0.6911587715,
        "26":0.6907351613,
        "27":0.6911568046,
        "28":0.6910356283,
        "29":0.6906788349,
        "30":0.6906138659,
        "31":0.6903645396,
        "32":0.6908075809,
        "33":0.6911790967,
        "34":0.6907952428,
        "35":0.6912170649,
        "36":0.6913561225,
        "37":0.6910654306,
        "38":0.6917008758,
        "39":0.6918290257,
        "40":0.6914097667,
        "41":0.6915998459,
        "42":0.6920557022,
        "43":0.6922051311,
        "44":0.6920313239,
        "45":0.6927810907,
        "46":0.6928506494,
        "47":0.6925393939,
        "48":0.6932423115,
        "49":0.6926131248,
        "50":0.6931973696,
        "51":0.6939860582,
        "52":0.6933137178,
        "53":0.6935469508,
        "54":0.6936879754,
        "55":0.6938422918,
        "56":0.6941455007,
        "57":0.6949166059,
        "58":0.6952136159,
        "59":0.6950454116,
        "60":0.6949454546,
        "61":0.6952425838,
        "62":0.6947782636,
        "63":0.695731163,
        "64":0.6951397061,
        "65":0.6953071952,
        "66":0.6960722208,
        "67":0.6969374418,
        "68":0.6954959035,
        "69":0.6957469583,
        "70":0.6958562732,
        "71":0.6971796751,
        "72":0.6968874931,
        "73":0.6968477368,
        "74":0.6975740194,
        "75":0.6986382008,
        "76":0.6977788806,
        "77":0.6985257268,
        "78":0.6984747648,
        "79":0.6998198032,
        "80":0.7000838518,
        "81":0.6991220117,
        "82":0.7001672387,
        "83":0.6997882128,
        "84":0.7005685568,
        "85":0.7006158829,
        "86":0.7022592425,
        "87":0.7004288435,
        "88":0.7010428905,
        "89":0.7014784813,
        "90":0.7019238472,
        "91":0.7028442621,
        "92":0.7028326392,
        "93":0.7022936344,
        "94":0.7017304301,
        "95":0.7033305168,