{
    "loss":{
        "0":0.7529767156,
        "1":0.715125978,
        "2":0.7045714259,
        "3":0.6976562142,
        "4":0.6941970587,
        "5":0.6915253401,
        "6":0.689327538,
        "7":0.6871165037,
        "8":0.6868972182,
        "9":0.6857390404,
        "10":0.6856302619,
        "11":0.6840057373,
        "12":0.6834231615,
        "13":0.6830617189,
        "14":0.6832076907,
        "15":0.6818672419,
        "16":0.6818731427,
        "17":0.6812345982,
        "18":0.6812331676,
        "19":0.6799395084,
        "20":0.6807569265,
        "21":0.67983073,
        "22":0.6798120141,
        "23":0.6788351536,
        "24":0.6784968972,
        "25":0.6785923839,
        "26":0.6783856153,
        "27":0.6780352592,
        "28":0.6779282689,
        "29":0.6785414219,
        "30":0.6773211956,
        "31":0.6767198443,
        "32":0.6762019992,
        "33":0.6768890619,
        "34":0.676841259,
        "35":0.6766898036,
        "36":0.6765040159,
        "37":0.6755416989,
        "38":0.6755575538,
        "39":0.6751257777,
        "40":0.6752188802,
        "41":0.6749971509,
        "42":0.67425704,
        "43":0.6745993495,
        "44":0.6744443774,
        "45":0.6747756004,
        "46":0.6735655665,
        "47":0.6728209257,
        "48":0.6736149788,
        "49":0.6723901629,
        "50":0.6725655198,
        "51":0.6723257899,
        "52":0.6719081998,
        "53":0.6714670062,
        "54":0.6716042161,
        "55":0.6724784374,
        "56":0.6710470915,
        "57":0.6707413793,
        "58":0.6693558693,
        "59":0.6703698635,
        "60":0.6702443957,
        "61":0.6697874665,
        "62":0.669899106,
        "63":0.6691696644,
        "64":0.6689954996,
        "65":0.6678265929,
        "66":0.6686164737,
        "67":0.6678397059,
        "68":0.6681516171,
        "69":0.6664637923,
        "70":0.666868329,
        "71":0.6663047075,
        "72":0.6662577391,
        "73":0.6663861275,
        "74":0.6663766503,
        "75":0.6662755609,
        "76":0.6652728319,
        "77":0.6643738151,
        "78":0.6651921272,
        "79":0.6653004885,
        "80":0.6640361547,
        "81":0.6628261209,
        "82":0.6629858613,
        "83":0.6626492143,
        "84":0.6624674201,
        "85":0.6624099612,
        "86":0.6621776819,
        "87":0.6608963013,
        "88":0.6617680192,
        "89":0.6606429815,
        "90":0.660315752,
        "91":0.6601698995,
        "92":0.6596394777,
        "93":0.6602359414,
        "94":0.6586258411,
        "95":0.6588917375,
        "96":0.658257246,
        "97":0.6583536863,
        "98":0.6581770182,
        "99":0.6574804187
    },
    "accuracy":{
        "0":0.5227214098,
        "1":0.5287992358,
        "2":0.5355838537,
        "3":0.5398242474,
        "4":0.5417795181,
        "5":0.5440881848,
        "6":0.549836278,
        "7":0.5511319637,
        "8":0.5557727814,
        "9":0.5565266609,
        "10":0.5548776388,
        "11":0.5592593551,
        "12":0.5617800355,
        "13":0.55935359,
        "14":0.5605785847,
        "15":0.5627223253,
        "16":0.565690577,
        "17":0.566962719,
        "18":0.5653843284,
        "19":0.5692006946,
        "20":0.5659261942,
        "21":0.5674809813,
        "22":0.5697896481,
        "23":0.5722631812,
        "24":0.5715564489,
        "25":0.572286725,
        "26":0.5720982552,
        "27":0.5720276237,
        "28":0.5722160935,
        "29":0.5716506839,
        "30":0.5726872087,
        "31":0.5743126869,
        "32":0.5778698921,
        "33":0.5767626762,
        "34":0.5780112743,
        "35":0.5759853125,
        "36":0.576315105,
        "37":0.5803670287,
        "38":0.5773516297,
        "39":0.5804612637,
        "40":0.5796367526,
        "41":0.5800372362,
        "42":0.5800136924,
        "43":0.5790242553,
        "44":0.5783410668,
        "45":0.5780112743,
        "46":0.5811444521,
        "47":0.5834530592,
        "48":0.5810973048,
        "49":0.5802021027,
        "50":0.582911253,
        "51":0.5831232667,
        "52":0.5851492286,
        "53":0.5853847861,
        "54":0.5843247175,
        "55":0.5840655565,
        "56":0.5860679746,
        "57":0.5875992179,
        "58":0.5878348351,
        "59":0.5870809555,
        "60":0.584748745,
        "61":0.5879997015,
        "62":0.5860444307,
        "63":0.5884001851,
        "64":0.5870809555,
        "65":0.5900492072,
        "66":0.5908973217,
        "67":0.5917925239,
        "68":0.5878348351,
        "69":0.5912271142,
        "70":0.5922872424,
        "71":0.5928761363,
        "72":0.5930646062,
        "73":0.593441546,
        "74":0.5926170349,
        "75":0.5933943987,
        "76":0.5947843194,
        "77":0.5975405574,
        "78":0.5916511416,
        "79":0.5937006474,
        "80":0.5974227786,
        "81":0.5973049998,
        "82":0.5957502127,
        "83":0.5965982676,
        "84":0.5962920189,
        "85":0.5984829068,
        "86":0.5971872211,
        "87":0.597846806,
        "88":0.5973285437,
        "89":0.6006031036,
        "90":0.6009799838,
        "91":0.5990482569,
        "92":0.602699697,
        "93":0.5994722843,
        "94":0.6017338634,
        "95":0.6021814346,
        "96":0.602793932,
        "97":0.6046785712,
        "98":0.6030294895,
        "99":0.6031473279
    },
    "val_loss":{
        "0":0.6854344606,
        "1":0.6858610511,
        "2":0.6869613528,
        "3":0.683332324,
        "4":0.6822975874,
        "5":0.6816219091,
        "6":0.6813833117,
        "7":0.680064857,
        "8":0.6811308861,
        "9":0.6815122366,
        "10":0.680161953,
        "11":0.6798558831,
        "12":0.6797913313,
        "13":0.6798177361,
        "14":0.6804987788,
        "15":0.6800298691,
        "16":0.6791031361,
        "17":0.6802093983,
        "18":0.678829968,
        "19":0.6786683202,
        "20":0.6787289977,
        "21":0.6791433692,
        "22":0.6785027385,
        "23":0.6786558628,
        "24":0.6781096458,
        "25":0.6787646413,
        "26":0.6779292226,
        "27":0.6797041297,
        "28":0.6787831783,
        "29":0.6795123816,
        "30":0.6785625815,
        "31":0.6780713797,
        "32":0.6778692007,
        "33":0.6795343757,
        "34":0.6773721576,
        "35":0.6773768663,
        "36":0.6784199476,
        "37":0.6781126261,
        "38":0.6786033511,
        "39":0.6782130003,
        "40":0.6774308681,
        "41":0.6781981587,
        "42":0.6779379845,
        "43":0.678019762,
        "44":0.6779409051,
        "45":0.6802464724,
        "46":0.6770679355,
        "47":0.6777822375,
        "48":0.677316606,
        "49":0.6772167087,
        "50":0.6788816452,
        "51":0.6768718362,
        "52":0.6783771515,
        "53":0.6776095033,
        "54":0.6772950888,
        "55":0.6772407293,
        "56":0.6769851446,
        "57":0.6765643358,
        "58":0.6779794097,
        "59":0.6778185964,
        "60":0.6768683195,
        "61":0.6774714589,
        "62":0.6766848564,
        "63":0.6768158078,
        "64":0.6772854924,
        "65":0.6784659028,
        "66":0.6781482697,
        "67":0.6772677898,
        "68":0.6766765118,
        "69":0.677405417,
        "70":0.6764122844,
        "71":0.6779645681,
        "72":0.6777712107,
        "73":0.677107811,
        "74":0.6766276956,
        "75":0.6774124503,
        "76":0.6785826087,
        "77":0.6783884168,
        "78":0.6771651506,
        "79":0.6783114672,
        "80":0.6781832576,
        "81":0.6783353686,
        "82":0.6782723665,
        "83":0.6783783436,
        "84":0.6790229678,
        "85":0.6784431934,
        "86":0.6797646284,
        "87":0.6788439751,
        "88":0.6782042384,
        "89":0.6811193824,
        "90":0.6803614497,
        "91":0.6820803881,
        "92":0.6797229052,
        "93":0.6794683933,
        "94":0.6788279414,
        "95":0.6791344285,