{
    "loss":{
        "0":0.7453744411,
        "1":0.7192220688,
        "2":0.7093735337,
        "3":0.7033740878,
        "4":0.6997175813,
        "5":0.6967409849,
        "6":0.6959491372,
        "7":0.6951140761,
        "8":0.6942612529,
        "9":0.6931867003,
        "10":0.6931666732,
        "11":0.6918843389,
        "12":0.691583097,
        "13":0.6909104586,
        "14":0.6904609799,
        "15":0.6907843351,
        "16":0.6907199621,
        "17":0.6897713542,
        "18":0.6893902421,
        "19":0.6893761158,
        "20":0.6885538101,
        "21":0.6886020303,
        "22":0.6881383657,
        "23":0.6886412501,
        "24":0.6875420809,
        "25":0.6877951622,
        "26":0.6871986389,
        "27":0.6869110465,
        "28":0.6866312623,
        "29":0.6866576076,
        "30":0.6862764955,
        "31":0.6855609417,
        "32":0.6866348386,
        "33":0.6850393414,
        "34":0.685308516,
        "35":0.6850126982,
        "36":0.6850991249,
        "37":0.68503654,
        "38":0.6844854951,
        "39":0.6839439869,
        "40":0.6836174726,
        "41":0.6837679148,
        "42":0.6826196313,
        "43":0.6829364896,
        "44":0.6821286678,
        "45":0.68223387,
        "46":0.6822786927,
        "47":0.68167454,
        "48":0.6805024743,
        "49":0.6805926561,
        "50":0.6801906228,
        "51":0.679857254,
        "52":0.6799761653,
        "53":0.6794841886,
        "54":0.679439187,
        "55":0.6788759232,
        "56":0.67950207,
        "57":0.6777189374,
        "58":0.6779475212,
        "59":0.6769747734,
        "60":0.6773690581,
        "61":0.6771326661,
        "62":0.6765031815,
        "63":0.6755101085,
        "64":0.675029397,
        "65":0.6747600436,
        "66":0.6739034653,
        "67":0.6745946407,
        "68":0.6737644672,
        "69":0.6737005711,
        "70":0.6733359098,
        "71":0.6733112335,
        "72":0.6710113287,
        "73":0.6710688472,
        "74":0.6717197895,
        "75":0.6708993316,
        "76":0.6704995632,
        "77":0.6707715988,
        "78":0.6692224741,
        "79":0.6682439446,
        "80":0.6692160964,
        "81":0.6694172025,
        "82":0.667144537,
        "83":0.6671456099,
        "84":0.6674699187,
        "85":0.6668179035,
        "86":0.6665667295,
        "87":0.6662184596,
        "88":0.6662041545,
        "89":0.6664805412,
        "90":0.6650052667,
        "91":0.6634013653,
        "92":0.6626996994,
        "93":0.6628211141,
        "94":0.6623395681,
        "95":0.6622731686,
        "96":0.6619508266,
        "97":0.6617382765,
        "98":0.6609240174,
        "99":0.6606352925
    },
    "accuracy":{
        "0":0.5086103082,
        "1":0.5104242563,
        "2":0.5100473762,
        "3":0.5123324394,
        "4":0.5156540871,
        "5":0.5173502564,
        "6":0.5193055272,
        "7":0.5167613029,
        "8":0.5195175409,
        "9":0.5234516859,
        "10":0.5191877484,
        "11":0.5275978446,
        "12":0.5248886943,
        "13":0.5284929872,
        "14":0.53077811,
        "15":0.5301184654,
        "16":0.5286343694,
        "17":0.5322622657,
        "18":0.5363377333,
        "19":0.5355132222,
        "20":0.5378218293,
        "21":0.5377747416,
        "22":0.5385992527,
        "23":0.5376098156,
        "24":0.5410021544,
        "25":0.5413319468,
        "26":0.5423920751,
        "27":0.5442766547,
        "28":0.5404602885,
        "29":0.5443944335,
        "30":0.5448656082,
        "31":0.5475276113,
        "32":0.5464439392,
        "33":0.5472213626,
        "34":0.5443473458,
        "35":0.5509905815,
        "36":0.5471742749,
        "37":0.5494122505,
        "38":0.5488468409,
        "39":0.5521920323,
        "40":0.5520271659,
        "41":0.5517915487,
        "42":0.5571156144,
        "43":0.5552309752,
        "44":0.5557256937,
        "45":0.5571391582,
        "46":0.5558434725,
        "47":0.5579401255,
        "48":0.5572098494,
        "49":0.5583876967,
        "50":0.5644655824,
        "51":0.5612853169,
        "52":0.5625103116,
        "53":0.560931921,
        "54":0.5646540523,
        "55":0.564771831,
        "56":0.5594242215,
        "57":0.5679050088,
        "58":0.5666329265,
        "59":0.5670098066,
        "60":0.5663973093,
        "61":0.5699545145,
        "62":0.5688944459,
        "63":0.5727578998,
        "64":0.5724987388,
        "65":0.571721375,
        "66":0.572286725,
        "67":0.5711559653,
        "68":0.5752785802,
        "69":0.5747367144,
        "70":0.5737001896,
        "71":0.5720511675,
        "72":0.5791420341,
        "73":0.5802492499,
        "74":0.577398777,
        "75":0.5812622309,
        "76":0.5806497335,
        "77":0.5796132088,
        "78":0.5848665237,
        "79":0.5834530592,
        "80":0.583994925,
        "81":0.583170414,
        "82":0.585667491,
        "83":0.586751163,
        "84":0.5851256847,
        "85":0.5861857533,
        "86":0.5871281028,
        "87":0.5869867206,
        "88":0.5877406001,
        "89":0.5877406001,
        "90":0.591509819,
        "91":0.5915569067,
        "92":0.5901905894,
        "93":0.5924521089,
        "94":0.5934180021,
        "95":0.5936535597,
        "96":0.5937948823,
        "97":0.5925228,
        "98":0.5962213278,
        "99":0.5955617428
    },
    "val_loss":{
        "0":0.6976414919,
        "1":0.6947485209,
        "2":0.6926903129,
        "3":0.6917284727,
        "4":0.6916698813,
        "5":0.6913830042,
        "6":0.6920723915,
        "7":0.691159606,
        "8":0.6910191178,
        "9":0.6909926534,
        "10":0.691845715,
        "11":0.6912311316,
        "12":0.6904373169,
        "13":0.6906605363,
        "14":0.6904297471,
        "15":0.6907787919,
        "16":0.6904947162,
        "17":0.6907776594,
        "18":0.6901503801,
        "19":0.6902678609,
        "20":0.6907172799,
        "21":0.6900826693,
        "22":0.6901843548,
        "23":0.6908143759,
        "24":0.6908119321,
        "25":0.6911684275,
        "26":0.6906083822,
        "27":0.6906996965,
        "28":0.6907730103,
        "29":0.6906024218,
        "30":0.6910901666,
        "31":0.6914083958,
        "32":0.691604495,
        "33":0.6916476488,
        "34":0.6916158199,
        "35":0.6914419532,
        "36":0.6916593313,
        "37":0.6913718581,
        "38":0.6916607618,
        "39":0.6918978095,
        "40":0.691431582,
        "41":0.6921468973,
        "42":0.6918110251,
        "43":0.6921743751,
        "44":0.6923866272,
        "45":0.6928389072,
        "46":0.6929439306,
        "47":0.6927580833,
        "48":0.6929270625,
        "49":0.6931951642,
        "50":0.6927283406,
        "51":0.6943202615,
        "52":0.6931889057,
        "53":0.6935392618,
        "54":0.6936697364,
        "55":0.6928639412,
        "56":0.6928076744,
        "57":0.6939851046,
        "58":0.6940931678,
        "59":0.6947934628,
        "60":0.6951623559,
        "61":0.6942497492,
        "62":0.6966052651,
        "63":0.695065558,
        "64":0.6964691877,
        "65":0.6965281367,
        "66":0.6963291764,
        "67":0.6957650781,
        "68":0.6969661713,
        "69":0.6963666677,
        "70":0.6973350048,
        "71":0.6987540722,
        "72":0.6986561418,
        "73":0.6989420056,
        "74":0.6991410255,
        "75":0.6998174191,
        "76":0.699426651,
        "77":0.6999880672,
        "78":0.7000311017,
        "79":0.7006185055,
        "80":0.7006770372,
        "81":0.7024596334,
        "82":0.7028397918,
        "83":0.7016064525,
        "84":0.7014929652,
        "85":0.7035429478,
        "86":0.7037215829,
        "87":0.7034608722,
        "88":0.7034717798,
        "89":0.7036226392,
        "90":0.7037420273,
        "91":0.7049833536,
        "92":0.7042213678,
        "93":0.7051035166,
        "94":0.7052507997,
        "95":0.7047627568,