{
    "loss":{
        "0":1.3762569427,
        "1":0.8795281649,
        "2":0.7689524889,
        "3":0.7308391929,
        "4":0.7119432688,
        "5":0.7042192817,
        "6":0.6990106106,
        "7":0.6975841522,
        "8":0.6954365373,
        "9":0.696041584,
        "10":0.6951497197,
        "11":0.6949341893,
        "12":0.694506228,
        "13":0.6938924789,
        "14":0.6937093139,
        "15":0.6935418248,
        "16":0.6934802532,
        "17":0.693394959,
        "18":0.6926683187,
        "19":0.6929730177,
        "20":0.6928659081,
        "21":0.6919153333,
        "22":0.6917271018,
        "23":0.6919739246,
        "24":0.6918777227,
        "25":0.6921331286,
        "26":0.6911530495,
        "27":0.6915982962,
        "28":0.6915506721,
        "29":0.6917606592,
        "30":0.6915093064,
        "31":0.6906101108,
        "32":0.6915348768,
        "33":0.6911197901,
        "34":0.691172123,
        "35":0.6905556917,
        "36":0.6915499568,
        "37":0.6907705069,
        "38":0.6912602186,
        "39":0.6906273365,
        "40":0.6903112531,
        "41":0.6903654933,
        "42":0.6902149916,
        "43":0.6900116801,
        "44":0.6905234456,
        "45":0.6899704933,
        "46":0.6903038621,
        "47":0.689653635,
        "48":0.6897950172,
        "49":0.6890544891,
        "50":0.6893969774,
        "51":0.6891698241,
        "52":0.6898810267,
        "53":0.6891124845,
        "54":0.6884405017,
        "55":0.689373374,
        "56":0.689211905,
        "57":0.6891753674,
        "58":0.6887934804,
        "59":0.6889767051,
        "60":0.6883949637,
        "61":0.6885381341,
        "62":0.6887592673,
        "63":0.6882676482,
        "64":0.6876240969,
        "65":0.6885612607,
        "66":0.6871808171,
        "67":0.6884542704,
        "68":0.688049078,
        "69":0.6876401901,
        "70":0.6865187883,
        "71":0.6874546409,
        "72":0.6872830391,
        "73":0.6870129108,
        "74":0.6872377992,
        "75":0.6872009039,
        "76":0.6870814562,
        "77":0.6870543957,
        "78":0.6865209937,
        "79":0.6867030263,
        "80":0.6860231757,
        "81":0.6858651042,
        "82":0.6863153577,
        "83":0.6855872869,
        "84":0.6859149337,
        "85":0.6857687831,
        "86":0.6858674288,
        "87":0.6859319806,
        "88":0.6849326491,
        "89":0.6854348779,
        "90":0.684671998,
        "91":0.6852216125,
        "92":0.6858219504,
        "93":0.6846539378,
        "94":0.6848317981,
        "95":0.6842672229,
        "96":0.6838917732,
        "97":0.6843218803,
        "98":0.6847470999,
        "99":0.6839015484
    },
    "accuracy":{
        "0":0.5019474626,
        "1":0.5083239079,
        "2":0.5060623288,
        "3":0.5030154586,
        "4":0.5127214193,
        "5":0.509737432,
        "6":0.5137580037,
        "7":0.5141663551,
        "8":0.5151087046,
        "9":0.511559248,
        "10":0.5130041242,
        "11":0.5140407085,
        "12":0.5144176483,
        "13":0.5125330091,
        "14":0.5155798197,
        "15":0.5137894154,
        "16":0.5164907575,
        "17":0.5137894154,
        "18":0.5198203325,
        "19":0.5200716257,
        "20":0.5173702836,
        "21":0.5216735601,
        "22":0.5238723755,
        "23":0.5199459791,
        "24":0.521422267,
        "25":0.5189408064,
        "26":0.5252544284,
        "27":0.5221133232,
        "28":0.5268249512,
        "29":0.5208569169,
        "30":0.5227101445,
        "31":0.5307827592,
        "32":0.523558259,
        "33":0.525914073,
        "34":0.5277673006,
        "35":0.5298089981,
        "36":0.5239979625,
        "37":0.5261653662,
        "38":0.5261339545,
        "39":0.5253172517,
        "40":0.5285840034,
        "41":0.5310340524,
        "42":0.5315680504,
        "43":0.5293064713,
        "44":0.5311282873,
        "45":0.5331699848,
        "46":0.5329501033,
        "47":0.5332013965,
        "48":0.5332956314,
        "49":0.5347719789,
        "50":0.5316622853,
        "51":0.5341437459,
        "52":0.5355257988,
        "53":0.5359341502,
        "54":0.5380072594,
        "55":0.5336725712,
        "56":0.5359341502,
        "57":0.537379086,
        "58":0.5358713269,
        "59":0.5354315639,
        "60":0.5364681482,
        "61":0.5397977233,
        "62":0.5347405672,
        "63":0.5389181972,
        "64":0.5423734188,
        "65":0.5398291349,
        "66":0.5438811183,
        "67":0.5413996577,
        "68":0.5401432514,
        "69":0.5397034883,
        "70":0.5451689959,
        "71":0.543818295,
        "72":0.5418708324,
        "73":0.5429388285,
        "74":0.5426561236,
        "75":0.5445093513,
        "76":0.5424676538,
        "77":0.544886291,
        "78":0.5431272984,
        "79":0.5448548794,
        "80":0.5437240601,
        "81":0.5448234677,
        "82":0.5441952348,
        "83":0.548938334,
        "84":0.5463312268,
        "85":0.5481844544,
        "86":0.5489697456,
        "87":0.5439125299,
        "88":0.5501633286,
        "89":0.5456401706,
        "90":0.5496921539,
        "91":0.5499120355,
        "92":0.5459228754,
        "93":0.549597919,
        "94":0.5486870408,
        "95":0.5533672571,
        "96":0.5545923114,
        "97":0.5516396761,
        "98":0.5522992611,
        "99":0.5506345034
    },
    "val_loss":{
        "0":0.9755529165,
        "1":0.7867035866,
        "2":0.7326763868,
        "3":0.70939821,
        "4":0.6997440457,
        "5":0.6954591274,
        "6":0.693642199,
        "7":0.693074584,
        "8":0.6925936937,
        "9":0.6921764016,
        "10":0.6921622753,
        "11":0.692220211,
        "12":0.6919898391,
        "13":0.6926057935,
        "14":0.692088902,
        "15":0.6920210123,
        "16":0.6921719313,
        "17":0.6921647191,
        "18":0.6920233965,
        "19":0.6920462847,
        "20":0.6921360493,
        "21":0.6922265291,
        "22":0.6921192408,
        "23":0.6923183799,
        "24":0.6925803423,
        "25":0.6922599673,
        "26":0.6921590567,
        "27":0.6922943592,
        "28":0.6922074556,
        "29":0.6920083761,
        "30":0.6920009255,
        "31":0.6919624209,
        "32":0.6919535995,
        "33":0.6921605468,
        "34":0.6922239661,
        "35":0.6924456358,
        "36":0.6922342181,
        "37":0.6919775605,
        "38":0.6919494867,
        "39":0.6918873787,
        "40":0.6919180751,
        "41":0.6919987798,
        "42":0.6920397878,
        "43":0.6922704577,
        "44":0.6923303008,
        "45":0.6925907731,
        "46":0.6923373938,
        "47":0.6925168633,
        "48":0.6925788522,
        "49":0.6925372481,
        "50":0.6924805045,
        "51":0.692712307,
        "52":0.6924263239,
        "53":0.6925188303,
        "54":0.6925457716,
        "55":0.6923591495,
        "56":0.6922780275,
        "57":0.6925115585,
        "58":0.6926295161,
        "59":0.6927617192,
        "60":0.6923026443,
        "61":0.692999661,
        "62":0.6925100088,
        "63":0.6924440265,
        "64":0.6931507587,
        "65":0.6924288273,
        "66":0.6928623319,
        "67":0.6922054291,
        "68":0.6925690174,
        "69":0.6927250624,
        "70":0.692506969,
        "71":0.6930537224,
        "72":0.692871213,
        "73":0.6931171417,
        "74":0.6927301288,
        "75":0.6925263405,
        "76":0.6925978661,
        "77":0.6926963329,
        "78":0.6929354072,
        "79":0.6929652095,
        "80":0.6930840611,
        "81":0.6931267977,
        "82":0.693323195,
        "83":0.6933897734,
        "84":0.6929548979,
        "85":0.6935452223,
        "86":0.6935864091,
        "87":0.6931039691,
        "88":0.6938233376,
        "89":0.6935229897,
        "90":0.6939970255,
        "91":0.6941116452,
        "92":0.6943946481,
        "93":0.6943961382,
        "94":0.694440484,
        "95":0.6942085624,