{
    "loss":{
        "0":0.7111498117,
        "1":0.692389071,
        "2":0.6860069633,
        "3":0.6842143536,
        "4":0.6797779202,
        "5":0.6780131459,
        "6":0.6749826074,
        "7":0.6738405228,
        "8":0.6724232435,
        "9":0.6715682149,
        "10":0.670704782,
        "11":0.6696400046,
        "12":0.6685987115,
        "13":0.6662149429,
        "14":0.666518867,
        "15":0.6657813191,
        "16":0.6650869846,
        "17":0.6652015448,
        "18":0.664475739,
        "19":0.663765192,
        "20":0.6635414958,
        "21":0.6628785133,
        "22":0.6612612605,
        "23":0.6611091495,
        "24":0.6621166468,
        "25":0.6612046361,
        "26":0.6610934734,
        "27":0.6603403687,
        "28":0.6604391932,
        "29":0.6606268287,
        "30":0.6593799591,
        "31":0.6593700647,
        "32":0.6581037641,
        "33":0.6587209105,
        "34":0.6584095955,
        "35":0.6587787867,
        "36":0.6564679146,
        "37":0.6563042402,
        "38":0.6575080156,
        "39":0.6566341519,
        "40":0.6565790176,
        "41":0.6556928158,
        "42":0.6563031673,
        "43":0.6557871103,
        "44":0.6556877494,
        "45":0.6551271081,
        "46":0.6547763348,
        "47":0.6557186842,
        "48":0.6543628573,
        "49":0.6537258625,
        "50":0.6549060345,
        "51":0.6542662978,
        "52":0.6538004875,
        "53":0.6523295641,
        "54":0.6528487206,
        "55":0.6521538496,
        "56":0.6534968615,
        "57":0.6526987553,
        "58":0.6508488059,
        "59":0.6516759992,
        "60":0.6524124742,
        "61":0.6515836716,
        "62":0.6509407163,
        "63":0.6503116488,
        "64":0.6499666572,
        "65":0.6511796713,
        "66":0.6506415009,
        "67":0.6491263509,
        "68":0.649389267,
        "69":0.6498161554
    },
    "accuracy":{
        "0":0.5234516859,
        "1":0.5421093702,
        "2":0.5484463573,
        "3":0.5535584092,
        "4":0.5605078936,
        "5":0.5683997273,
        "6":0.5710146427,
        "7":0.5721924901,
        "8":0.5751843452,
        "9":0.5786237717,
        "10":0.5808382034,
        "11":0.5814270973,
        "12":0.5847722888,
        "13":0.5873165727,
        "14":0.5868453979,
        "15":0.5871516466,
        "16":0.5891069174,
        "17":0.5894367099,
        "18":0.5884473324,
        "19":0.5897194147,
        "20":0.5929232836,
        "21":0.5927819014,
        "22":0.5941718221,
        "23":0.59636271,
        "24":0.592428565,
        "25":0.5975170135,
        "26":0.5944780707,
        "27":0.5987420082,
        "28":0.5967867374,
        "29":0.5978704095,
        "30":0.600296855,
        "31":0.5986242294,
        "32":0.6010271311,
        "33":0.5998492241,
        "34":0.6004617214,
        "35":0.601780951,
        "36":0.6044901013,
        "37":0.6036891341,
        "38":0.6003674865,
        "39":0.6041838527,
        "40":0.6051732898,
        "41":0.6039482951,
        "42":0.6047021151,
        "43":0.6037833691,
        "44":0.6061862707,
        "45":0.6064218283,
        "46":0.6050319076,
        "47":0.6032651067,
        "48":0.6063511372,
        "49":0.6081179976,
        "50":0.6061391234,
        "51":0.6065160632,
        "52":0.6074348092,
        "53":0.6098141074,
        "54":0.6090131402,
        "55":0.6110391021,
        "56":0.6065631509,
        "57":0.6092723012,
        "58":0.6088011265,
        "59":0.6104502082,
        "60":0.6099790335,
        "61":0.6100261211,
        "62":0.6113689542,
        "63":0.6123819351,
        "64":0.6133242249,
        "65":0.611486733,
        "66":0.6115338206,
        "67":0.6115338206,
        "68":0.6156799793,
        "69":0.6133713126
    }
}